time,latitude,longitude,depth,mag,magType
2016-02-24T09:22:16.990Z,27.8205,85.7593,10,4.7,mb
2016-02-21T18:10:01.450Z,28.0107,84.7447,19.24,5,mb
2016-02-10T16:27:41.910Z,27.7118,85.6292,21.15,4.1,mb
2016-02-09T02:29:02.720Z,30.6371,86.123,40.24,4.6,mb
2016-02-05T16:20:11.640Z,27.8396,85.2486,25.95,5.2,mb
2016-01-31T04:39:48.230Z,29.6353,84.2685,10,4.1,mb
2016-01-31T04:18:25.460Z,29.6637,84.2327,10,4.2,mb
2016-01-28T09:36:03.450Z,29.4663,87.9565,10,4.1,mb
2016-01-26T16:57:30.840Z,29.5248,87.8553,24.65,4.2,mb
2016-01-21T19:22:43.590Z,28.0269,85.0515,19.01,4.5,mb
2016-01-14T00:03:52.650Z,29.4873,87.8145,10,4.1,mb
2016-01-13T23:15:46.160Z,29.7043,88.0054,10,4.4,mb
2015-12-26T04:48:40.050Z,29.1913,81.42,10,4.1,mb
2015-12-18T22:16:56.550Z,29.3985,81.6541,10,5.4,mb
2015-11-29T02:47:52.820Z,31.373,78.7325,35,4.1,mb
2015-11-25T05:02:06.220Z,29.6929,89.8692,77.42,4.7,mb
2015-11-24T12:24:15.590Z,28.1552,84.7587,8.19,4.6,mb
2015-11-19T04:15:52.600Z,27.8525,85.6776,16.51,5,mb
2015-10-12T15:39:07.360Z,28.9796,86.3729,10,4.5,mb
2015-10-10T01:48:45.570Z,27.2548,88.8009,48.22,4.3,mb
2015-10-09T20:29:56.020Z,28.8544,86.469,10,4.9,mb
2015-10-09T01:01:21.970Z,28.8999,86.3397,10,4,mb
2015-10-07T04:58:20.550Z,27.8771,84.8817,34.7,4.2,mb
2015-10-06T23:30:29.260Z,27.6712,85.9838,14.04,4.3,mb
2015-10-06T12:02:40.700Z,27.7479,86.1479,10,4,mb
2015-10-05T16:18:02.750Z,31.4974,86.4956,10,4.5,mb
2015-10-05T07:36:25.480Z,27.7703,86.1587,10,4.3,mb
2015-10-05T07:33:21.920Z,27.6395,86.0343,10,4.5,mb
2015-09-29T10:54:42.010Z,27.7769,85.8162,10,4.4,mb
2015-09-29T09:27:17.090Z,29.996,80.3737,35,4.6,mb
2015-09-22T06:32:45.680Z,27.6915,85.0633,10,4.4,mb
2015-09-16T14:52:12.070Z,27.5875,86.1894,7.48,4.2,mb
2015-09-12T09:40:28.760Z,31.6437,87.7942,14.92,4.2,mb
2015-09-11T23:56:59.380Z,26.0549,89.5568,18.5,4,mb
2015-09-01T23:06:40.640Z,27.6836,86.2819,16.02,4.1,mb
2015-08-30T13:17:34.680Z,27.6519,85.6673,10,4.5,mb
2015-08-24T06:53:44.060Z,28.3466,87.2202,10.53,4,mb
2015-08-23T09:02:05.080Z,27.8355,86.0795,10,5,mb
2015-08-17T22:23:57.910Z,27.9066,86.1322,10.44,4.2,mb
2015-08-15T18:11:39.530Z,27.7023,85.9473,10,4.7,mb
2015-08-15T05:42:20.300Z,27.3759,87.8566,10,4.4,mb
2015-08-14T13:02:26.290Z,27.5691,86.086,10,4.6,mb
2015-08-09T22:30:26.860Z,28.2257,84.8043,10,4.2,mb
2015-08-05T19:15:56.760Z,30.3652,80.3368,10,4.1,mb
2015-08-01T12:14:28.560Z,28.7475,87.6636,34.28,4.4,mb
2015-08-01T01:37:42.690Z,28.532,85.6808,10,4,mb
2015-07-18T23:48:08.680Z,30.4476,79.1538,10,4.4,mb
2015-07-10T21:13:01.030Z,27.7297,86.0836,10,4.2,mb
2015-07-10T12:53:23.250Z,26.6628,90.5991,19.67,4.3,mb
2015-07-07T09:31:41.580Z,29.6068,81.733,10,4.2,mb
2015-07-06T15:29:07.940Z,27.9368,85.6886,10,4.2,mb
2015-07-03T20:04:07.080Z,27.7236,84.9064,3.36,4.5,mb
2015-07-02T01:56:11.700Z,27.9835,85.5714,10,4.2,mb
2015-06-30T13:15:57.200Z,26.0436,90.7596,42.34,4,mb
2015-06-29T21:46:23.940Z,27.4724,85.7525,10,4.3,mb
2015-06-29T17:42:43.450Z,28.003,85.6279,10,4,mb
2015-06-28T23:57:15.530Z,28.0316,86.056,10,4.7,mb
2015-06-28T01:05:28.560Z,26.6384,90.41,26,5.1,mwb
2015-06-22T07:34:31.780Z,27.5413,85.9898,10,4.3,mb
2015-06-21T13:41:47.330Z,27.8059,86.0295,10,4.1,mb
2015-06-20T12:23:05.580Z,28.5523,82.6319,10,4.7,mb
2015-06-17T02:15:14.610Z,28.2774,85.8766,10,4.3,mb
2015-06-17T00:29:59.050Z,27.9426,85.4981,10,4.3,mb
2015-06-17T00:13:20.190Z,27.7381,85.2944,5.7,4,mb
2015-06-14T07:47:46.830Z,28.1763,85.7529,10,4.1,mb
2015-06-13T01:18:30.200Z,27.6326,86.0709,10,4.8,mb
2015-06-12T04:34:10.000Z,27.7705,86.0379,10,4,mb
2015-06-11T19:37:06.220Z,28.115,84.6937,10.32,4.4,mb
2015-06-11T16:12:20.290Z,27.8321,85.5836,24.49,4.8,mb
2015-06-11T04:17:46.340Z,27.8955,85.7959,10,4.2,mb
2015-06-07T05:17:45.900Z,27.9734,85.5328,10,4.2,mb
2015-06-03T07:52:37.640Z,28.011,86.0953,10,4,mb
2015-05-30T16:28:19.320Z,27.8802,84.9263,10,4.3,mb
2015-05-29T10:00:00.270Z,27.9798,84.7819,10,4.8,mb
2015-05-28T23:35:52.170Z,28.0923,84.6435,10,4,mb
2015-05-27T16:45:00.460Z,28.2528,84.9717,10,4.1,mb
2015-05-27T07:30:58.810Z,27.4029,84.716,10,4.4,mb
2015-05-27T07:30:41.910Z,27.3256,84.6635,10,4,mb
2015-05-26T17:07:14.360Z,28.2338,85.1005,10,4.6,mb
2015-05-25T10:46:03.060Z,28.5718,87.2411,42.44,4.3,mb
2015-05-24T21:38:40.840Z,28.0271,84.6734,10,4.4,mb
2015-05-22T19:07:41.930Z,29.8042,81.6888,10,4.3,mb
2015-05-22T13:04:05.930Z,27.6635,85.6936,10,4.1,mb
2015-05-22T11:45:47.370Z,27.5438,86.0511,10,4.3,mb
2015-05-22T10:59:33.780Z,27.9555,84.9671,10,4.7,mb
2015-05-21T09:11:55.640Z,27.8173,85.209,10,4,mb
2015-05-20T09:02:32.260Z,27.3231,85.0483,10,4.6,mb
2015-05-19T10:59:30.690Z,27.7722,85.868,10,4.2,mb
2015-05-18T22:49:50.890Z,27.5867,85.8925,10,4.4,mb
2015-05-18T12:42:09.240Z,27.9438,84.6997,10,4.1,mb
2015-05-17T05:45:38.500Z,27.5777,85.8239,10,4.3,mb
2015-05-16T23:15:26.060Z,27.6804,85.9514,10,4.4,mb
2015-05-16T20:02:53.740Z,28.0094,84.6978,10,4.1,mb
2015-05-16T11:34:09.980Z,27.5603,86.0734,7,5.5,mww
2015-05-16T03:50:21.210Z,27.4751,85.1653,10,4.2,mb
2015-05-16T03:39:26.920Z,27.6386,85.713,10,4.7,mb
2015-05-16T00:46:06.830Z,28.0074,84.5187,10,4.1,mb
2015-05-15T01:42:42.800Z,27.9719,84.7499,10,4.9,mb
2015-05-14T03:07:38.770Z,27.6713,86.1515,10,4.4,mb
2015-05-13T21:38:06.390Z,27.7199,86.0503,8.38,5,mb
2015-05-13T10:59:41.150Z,27.8014,86.038,10,4.2,mb
2015-05-13T09:52:27.990Z,27.7666,86.3084,10,4.2,mb
2015-05-13T06:53:00.780Z,27.7201,86.1891,10,4.8,mb
2015-05-13T06:37:30.290Z,27.7582,86.1379,10,4.5,mb
2015-05-13T06:26:07.550Z,27.6539,86.1557,10,4.7,mb
2015-05-13T02:43:47.590Z,27.6248,86.3299,10,4.1,mb
2015-05-13T02:23:10.920Z,27.6695,86.2315,10,4.1,mb
2015-05-12T21:57:14.320Z,27.8032,86.0034,10,4,mb
2015-05-12T21:25:11.930Z,27.783,84.6384,10,5.2,mb
2015-05-12T20:44:28.940Z,27.9152,86.2389,5.36,4,mb
2015-05-12T20:22:16.260Z,27.5858,85.1413,13.35,4.3,mb
2015-05-12T19:37:40.910Z,27.6868,86.1308,8.52,4.5,mb
2015-05-12T19:34:59.090Z,27.6432,86.1584,10.93,4.3,mb
2015-05-12T18:51:44.210Z,27.6456,86.294,11.23,4.1,mb
2015-05-12T18:49:05.090Z,27.717,86.2514,15.68,4,mb
2015-05-12T17:28:39.250Z,27.4989,86.1266,10,4.8,mb
2015-05-12T16:55:22.990Z,27.712,85.9418,6.54,4.4,mb
2015-05-12T16:32:09.050Z,27.617,86.2307,10,4,mb
2015-05-12T16:15:14.100Z,27.7411,86.2211,10,4,mb
2015-05-12T15:59:46.930Z,27.6485,86.2971,10,4.4,mb
2015-05-12T15:32:25.690Z,27.7866,86.0808,10,4.2,mb
2015-05-12T15:28:19.810Z,27.721,86.2602,10,4.4,mb
2015-05-12T13:58:57.540Z,27.6013,86.2659,10,4.5,mb
2015-05-12T13:47:05.250Z,27.7321,85.8975,10,4.4,mb
2015-05-12T13:43:17.520Z,27.7461,85.9016,10,4.4,mb
2015-05-12T13:25:25.120Z,27.6516,86.1632,7.9,4.2,mb
2015-05-12T13:10:40.840Z,27.8728,85.9511,10.61,4.1,mb
2015-05-12T13:08:10.140Z,27.6132,85.9896,10,4.4,mb
2015-05-12T13:02:17.180Z,27.6406,85.8062,10,4,mb
2015-05-12T12:28:22.930Z,27.6751,85.9931,10,4.5,mb
2015-05-12T11:58:12.150Z,27.6936,85.9018,10,4.3,mb
2015-05-12T11:21:30.590Z,27.6838,86.1369,10,4.4,mb
2015-05-12T11:13:21.490Z,27.8202,85.982,10,4.1,mb
2015-05-12T11:06:34.600Z,27.6414,86.2033,10,4.2,mb
2015-05-12T10:53:22.920Z,27.7305,86.199,10,4,mb
2015-05-12T10:42:22.330Z,27.4765,86.3405,10,4,mb
2015-05-12T10:41:32.260Z,27.716,86.2746,10,4.5,mb
2015-05-12T10:40:07.870Z,27.7987,86.4044,10,4.6,mb
2015-05-12T10:35:39.950Z,27.6606,86.0849,10,4.5,mb
2015-05-12T10:31:00.570Z,27.6896,85.9158,10.01,4.4,mb
2015-05-12T10:15:07.680Z,27.7172,86.1734,10,4.3,mb
2015-05-12T09:44:38.980Z,27.7617,85.9301,10,4.2,mb
2015-05-12T09:38:19.460Z,27.6658,86.2505,10,4.5,mb
2015-05-12T09:02:09.780Z,27.7318,86.0672,10,4.6,mb
2015-05-12T08:59:39.740Z,27.7729,86.195,10,4.5,mb
2015-05-12T08:52:30.290Z,28.0084,86.3358,10,4,mb
2015-05-12T08:51:32.500Z,27.6469,86.2138,10,4.3,mb
2015-05-12T08:39:07.940Z,27.7431,86.01,10,4,mb
2015-05-12T08:35:36.710Z,27.7042,86.2108,10,4.4,mb
2015-05-12T08:34:24.130Z,28.1877,86.0143,16.34,4.3,mb
2015-05-12T08:24:24.340Z,27.7486,86.0692,10,4.8,mb
2015-05-12T08:21:10.760Z,27.7298,86.1316,15,5.2,mb
2015-05-12T08:13:54.600Z,27.7629,85.7574,15,5.1,mb
2015-05-12T08:11:22.590Z,27.4654,85.7306,10,4.3,mb
2015-05-12T08:06:05.530Z,27.7221,86.0161,15,5,mb
2015-05-12T08:05:25.540Z,27.9198,86.1387,10,4.2,mb
2015-05-12T07:57:17.360Z,27.7351,86.5554,10,4.5,mb
2015-05-12T07:48:51.490Z,27.7224,86.2576,10,4.9,mb
2015-05-12T07:47:46.350Z,27.5579,86.039,10,4.9,mb
2015-05-12T07:43:17.310Z,27.6521,86.2387,11.77,4.9,mb
2015-05-12T07:36:54.490Z,27.625,86.1617,15,6.3,mww
2015-05-12T07:34:22.630Z,27.7458,86.2449,10,5.4,mb
2015-05-12T07:33:09.760Z,27.7477,86.0099,10,4.1,mb
2015-05-12T07:23:32.670Z,27.5589,86.2566,10,5,mb
2015-05-12T07:22:15.290Z,27.5796,86.2338,10,4.8,mb
2015-05-12T07:20:47.170Z,27.3073,86.2369,10,4.9,mb
2015-05-12T07:17:20.640Z,27.7141,86.2177,13.01,5.5,mb
2015-05-12T07:05:19.730Z,27.8087,86.0655,15,7.3,mww
2015-05-11T14:52:40.550Z,27.7589,85.789,10,4.3,mb
2015-05-11T14:50:59.760Z,27.9326,85.9366,10,4.3,mb
2015-05-11T03:20:36.900Z,28.0071,85.827,10,4,mb
2015-05-10T09:38:32.750Z,27.4485,85.5858,10,4.3,mb
2015-05-10T00:49:52.770Z,27.7776,86.001,10,4,mb
2015-05-08T21:23:27.700Z,27.9634,85.0259,10,4,mb
2015-05-08T07:47:54.460Z,27.8668,85.9591,10,4.2,mb
2015-05-08T00:32:33.960Z,27.6418,85.979,11.56,4.9,mb
2015-05-05T11:15:40.410Z,27.6962,85.9535,10,4.1,mb
2015-05-05T10:38:47.120Z,27.7226,85.9867,10,4.1,mb
2015-05-04T14:19:03.470Z,27.8147,85.9036,10,4.2,mb
2015-05-04T12:17:13.450Z,27.7864,86.0097,10,4.1,mb
2015-05-04T08:50:00.820Z,27.926,86.1704,10,4,mb
2015-05-04T01:15:07.070Z,27.6326,85.9746,10,4.5,mb
2015-05-03T23:14:15.460Z,27.7349,85.8791,10,4.2,mb
2015-05-03T11:35:11.090Z,27.6999,84.9331,10,4.3,mb
2015-05-03T02:15:26.910Z,27.7665,84.6005,10,4,mb
2015-05-02T21:44:09.970Z,27.6395,85.9324,10,4.3,mb
2015-05-02T15:16:18.050Z,27.6545,85.9494,10,4.3,mb
2015-05-02T09:41:16.290Z,27.9171,85.369,10,4.2,mb
2015-05-02T05:35:46.930Z,28.3143,84.6576,10,4.9,mb
2015-05-02T03:47:03.740Z,27.7972,85.3532,10,4,mb
2015-05-02T01:03:10.740Z,27.7751,85.9042,10,4,mb
2015-05-02T00:10:49.450Z,27.3802,85.1775,10,4,mb
2015-05-01T22:10:09.980Z,27.6072,85.5759,10,4,mb
2015-05-01T18:47:16.520Z,27.7249,84.6329,10,4.1,mb
2015-05-01T04:39:19.300Z,28.5301,86.2397,10,4,mb
2015-04-30T00:37:10.880Z,27.9057,84.6664,10,4.3,mb
2015-04-29T22:10:52.110Z,28.33,87.2319,10,4.5,mb
2015-04-29T17:16:33.470Z,27.8677,85.7031,10,4.4,mb
2015-04-29T17:16:14.460Z,28.0838,84.676,18.76,4.1,mb
2015-04-29T11:27:45.310Z,27.864,85.4086,10,4.6,mb
2015-04-29T09:39:14.120Z,27.7449,84.564,10,4.2,mb
2015-04-28T21:44:23.980Z,27.9577,85.8817,10,4.1,mb
2015-04-27T23:20:28.520Z,27.9641,85.2821,10,4.2,mb
2015-04-27T21:27:41.790Z,27.841,85.7877,10,4.2,mb
2015-04-27T20:21:55.240Z,31.7602,83.5157,10,4.2,mb
2015-04-27T18:59:57.010Z,28.0066,84.682,21.35,4.8,mb
2015-04-27T15:51:46.110Z,27.6728,85.1212,10,4.3,mb
2015-04-27T14:57:00.080Z,27.8065,85.8855,10,4,mb
2015-04-27T14:42:39.210Z,27.6802,85.6085,10,4.3,mb
2015-04-27T13:17:47.600Z,28.0231,84.5829,19.52,4.3,mb
2015-04-27T12:35:53.930Z,26.8644,88.055,31.71,5.1,mb
2015-04-27T06:00:00.390Z,27.8347,86.1373,10,4,mb
2015-04-27T04:14:44.840Z,27.9352,84.7251,10,4.1,mb
2015-04-27T01:15:51.060Z,27.4565,85.7818,10,4.3,mb
2015-04-27T00:39:16.330Z,27.6794,84.9579,10,4.1,mb
2015-04-26T22:32:34.720Z,27.5298,85.6751,10,4.6,mb
2015-04-26T20:39:20.030Z,27.8804,85.7813,10,4.3,mb
2015-04-26T18:54:49.080Z,27.9888,84.7645,10,4.4,mb
2015-04-26T18:06:31.490Z,27.7579,85.3686,10,4.2,mb
2015-04-26T16:26:06.730Z,27.8297,85.865,14,5,mwb
2015-04-26T14:57:04.380Z,28.1223,84.6464,10,4.3,mb
2015-04-26T14:44:50.510Z,27.686,85.9657,10,4.5,mb
2015-04-26T13:11:15.170Z,27.8112,85.4088,10,4.5,mb
2015-04-26T12:34:41.310Z,27.5683,85.7179,8.42,4,mb
2015-04-26T09:42:03.630Z,27.4422,85.9371,10,4.3,mb
2015-04-26T08:46:17.050Z,27.9232,85.8032,10,4.4,mb
2015-04-26T08:40:55.820Z,27.7307,85.854,10,4.6,mb
2015-04-26T08:22:12.350Z,28.0119,85.8449,10,4.4,mb
2015-04-26T08:10:37.340Z,27.8072,85.781,10,4.3,mb
2015-04-26T07:50:26.020Z,27.7325,86.0078,10,4.2,mb
2015-04-26T07:43:17.480Z,27.0336,85.9863,10,4.3,mb
2015-04-26T07:36:26.570Z,27.7555,85.9822,10,4.7,mb
2015-04-26T07:26:04.190Z,27.7004,85.9136,10,4.9,mb
2015-04-26T07:09:10.670Z,27.7711,86.0173,22.91,6.7,mww
2015-04-26T04:58:40.040Z,27.9966,84.7082,10,4.5,mb
2015-04-26T04:50:29.550Z,28.0281,85.3595,10,4.1,mb
2015-04-26T04:40:16.330Z,28.1724,84.6699,10,4,mb
2015-04-26T03:21:36.160Z,27.469,85.5624,10,4.3,mb
2015-04-26T02:48:39.070Z,28.2272,84.5858,10,4.5,mb
2015-04-26T02:33:26.940Z,27.6257,86.0531,10,4.1,mb
2015-04-26T02:02:07.850Z,27.5936,85.4424,10,4.2,mb
2015-04-25T23:55:46.070Z,27.6098,85.8354,6.57,4.1,mb
2015-04-25T23:41:53.750Z,27.6678,86.0726,15.68,4.5,mb
2015-04-25T23:16:15.450Z,27.7993,84.8715,13.61,5.1,mww
2015-04-25T23:12:52.060Z,27.6038,86.0873,9.21,4,mb
2015-04-25T21:07:20.000Z,27.7657,85.8114,23.88,4.6,mb
2015-04-25T20:32:48.240Z,27.6437,85.9241,10,4.4,mb
2015-04-25T20:07:01.970Z,27.9754,84.5282,10,4.4,mb
2015-04-25T18:58:34.530Z,27.6376,85.3501,14.2,4.2,mb
2015-04-25T17:46:17.590Z,28.2139,86.1072,35.26,4.5,mb
2015-04-25T17:42:50.910Z,28.238,85.829,10,5.1,mwr
2015-04-25T16:27:21.660Z,27.8695,85.6359,10,4.9,mb
2015-04-25T14:10:03.730Z,27.7109,85.8748,10,4.6,mb
2015-04-25T13:36:14.620Z,27.7266,85.9826,10,4.7,mb
2015-04-25T13:30:28.030Z,28.0768,85.0378,10,4.6,mb
2015-04-25T13:29:31.610Z,27.8055,85.7909,10,4.3,mb
2015-04-25T12:44:05.170Z,28.0979,84.5594,10,5.2,mb
2015-04-25T12:39:52.630Z,27.4844,86.0952,10,4,mb
2015-04-25T12:17:54.790Z,27.9261,85.449,10,4.5,mb
2015-04-25T12:12:14.790Z,27.6645,85.8954,10,4.3,mb
2015-04-25T12:01:10.730Z,27.8638,85.9255,10,4.2,mb
2015-04-25T11:41:47.700Z,28.0596,85.0566,10,4.2,mb
2015-04-25T11:23:47.560Z,27.6483,85.4309,10,4.5,mb
2015-04-25T11:18:30.100Z,27.4923,86.0058,10,4.4,mb
2015-04-25T11:15:18.020Z,27.6021,86.0505,10,4,mb
2015-04-25T11:05:01.240Z,27.933,85.5471,10,4.2,mb
2015-04-25T10:53:43.530Z,27.8061,85.8842,10,4.6,mb
2015-04-25T10:52:00.490Z,27.5075,85.6304,10,4,mb
2015-04-25T10:50:45.880Z,28.1447,84.6237,10,4.2,mb
2015-04-25T10:40:35.550Z,27.6033,85.9565,10,4.8,mb
2015-04-25T10:40:13.500Z,27.7704,85.8322,10,4.1,mb
2015-04-25T10:23:17.670Z,27.7999,85.8035,10,4.4,mb
2015-04-25T10:10:32.840Z,28.2838,84.7255,10,4.2,mb
2015-04-25T09:53:32.600Z,27.5326,85.7255,10,4,mb
2015-04-25T09:43:00.840Z,28.0668,84.8842,10,4.4,mb
2015-04-25T09:30:29.690Z,27.9945,85.5209,10,4.9,mb
2015-04-25T09:28:00.080Z,28.0061,85.3104,10,4.4,mb
2015-04-25T09:22:36.900Z,27.7192,85.7503,10,4.7,mb
2015-04-25T09:17:02.310Z,28.3902,87.3173,10,5.7,mb
2015-04-25T09:03:14.960Z,27.8743,85.3426,10,4.8,mb
2015-04-25T09:01:51.540Z,27.8084,85.0718,10,4.4,mb
2015-04-25T08:55:55.960Z,27.5866,85.5058,10,5.3,mb
2015-04-25T08:49:09.080Z,27.7404,84.8893,10,4.4,mb
2015-04-25T08:36:05.260Z,27.7292,85.1727,10,4.2,mb
2015-04-25T08:31:32.430Z,27.6708,85.9539,10,4.6,mb
2015-04-25T08:29:24.560Z,27.9351,84.6218,10,5,mb
2015-04-25T08:22:47.620Z,27.8166,85.5666,10,4.6,mb
2015-04-25T08:20:48.800Z,27.6429,85.16,10,4.9,mb
2015-04-25T08:20:11.160Z,27.8549,85.7931,10,4.7,mb
2015-04-25T08:16:59.230Z,27.7014,85.7563,10,4.9,mb
2015-04-25T08:05:37.950Z,27.8132,85.7943,10,4.6,mb
2015-04-25T07:59:14.660Z,27.8426,85.7676,10,4.4,mb
2015-04-25T07:55:44.070Z,27.846,85.4875,10,4.4,mb
2015-04-25T07:47:01.480Z,27.8172,85.5955,10,5,mb
2015-04-25T07:39:33.970Z,27.6821,85.7383,10,4.5,mb
2015-04-25T07:34:55.190Z,27.9633,85.6099,10,4.3,mb
2015-04-25T07:33:47.410Z,27.6891,84.9918,10,4.3,mb
2015-04-25T07:23:38.520Z,27.8053,85.8924,10,4.4,mb
2015-04-25T07:22:55.740Z,27.8854,85.8478,10,4.2,mb
2015-04-25T07:20:24.230Z,27.7574,85.3405,10,4,mb
2015-04-25T07:16:55.060Z,27.8818,85.6791,10,4.7,mb
2015-04-25T07:13:44.150Z,27.615,85.7307,10,4.8,mb
2015-04-25T07:07:59.920Z,27.7879,85.914,10,4.9,mb
2015-04-25T07:05:28.010Z,27.9482,85.5837,10,4.3,mb
2015-04-25T07:05:00.930Z,28.029,85.3682,10,4.2,mb
2015-04-25T07:03:49.750Z,27.964,84.6843,10,4.4,mb
2015-04-25T07:03:09.350Z,27.4173,86.0237,10,4.4,mb
2015-04-25T06:58:27.570Z,27.7219,86.0061,10,5.1,mb
2015-04-25T06:56:33.860Z,27.8822,85.7505,10,5.5,mb
2015-04-25T06:53:42.750Z,27.672,85.2009,10,5,mb
2015-04-25T06:45:21.320Z,28.2244,84.8216,10,6.6,mww
2015-04-25T06:44:39.040Z,27.5862,85.5012,10,4.6,mb
2015-04-25T06:37:58.690Z,27.7435,85.8302,10,5.1,mb
2015-04-25T06:32:48.870Z,27.7244,85.9479,10,4.6,mb
2015-04-25T06:29:46.130Z,27.8478,85.0717,10,4.7,mb
2015-04-25T06:28:05.780Z,27.7006,85.5043,10,4.8,mb
2015-04-25T06:25:55.260Z,27.687,85.5854,10,5,mb
2015-04-25T06:22:02.750Z,27.8006,85.1141,10,5.1,mb
2015-04-25T06:20:40.340Z,28.2046,84.492,10,5.4,mb
2015-04-25T06:18:10.870Z,27.6857,86.0213,10,5.6,mb
2015-04-25T06:15:22.910Z,27.6285,85.5398,10,6.1,mb
2015-04-25T06:11:25.950Z,28.2305,84.7314,8.22,7.8,mww
2015-04-22T01:29:09.390Z,28.9068,82.5414,10,4.4,mb
2015-04-21T14:02:15.550Z,28.8947,82.3938,10,5,mb
2015-04-02T00:56:38.960Z,28.7007,86.3309,57.33,4.6,mb
2015-04-01T21:23:54.400Z,30.3521,79.5107,10,4.9,mb
2015-02-14T00:44:36.430Z,31.3449,80.3877,32.72,4.2,mb
2015-02-13T22:21:52.220Z,31.215,80.3855,29.91,4.1,mb
2015-01-31T13:59:45.250Z,28.2987,83.9732,32.41,4.8,mb
2015-01-22T03:42:38.040Z,29.3853,81.0522,40.66,4,mb
2015-01-05T19:41:44.280Z,28.8652,81.6126,34.47,4.2,mb
2014-12-26T07:08:09.590Z,28.5278,87.3541,57.27,4.9,mb
2014-12-18T15:32:12.950Z,27.7395,86.3702,33.6,5,mb
2014-12-06T04:27:42.580Z,30.6685,80.0267,10,4.1,mb
2014-11-25T15:49:07.720Z,28.2061,84.7414,21.05,4.4,mb
2014-11-17T02:06:37.150Z,27.5222,90.3078,31.87,4.2,mb
2014-10-29T13:57:16.430Z,31.0958,86.5364,29.52,4.3,mb
2014-10-01T18:52:43.750Z,30.4289,82.1111,44.3,4.2,mb
2014-08-29T11:01:21.720Z,29.8382,87.8748,25.32,4.2,mb
2014-08-24T08:29:31.740Z,30.0384,79.9591,10,4.4,mb
2014-08-22T15:59:36.390Z,28.0356,87.7815,59.96,4.4,mb
2014-08-03T05:57:30.560Z,29.2757,85.4967,10,5.2,mb
2014-08-03T05:46:22.020Z,29.1576,85.322,10,4.3,mb
2014-07-22T23:35:15.370Z,26.2364,89.5355,14.91,4,mb
2014-07-22T22:58:29.150Z,26.0259,89.5651,8.4,4.2,mb
2014-07-22T20:54:41.200Z,26.0035,89.7033,16.03,4.3,mb
2014-07-11T23:05:23.300Z,30.9429,86.3943,12.25,4.1,mb
2014-07-07T16:37:12.900Z,29.4202,81.099,16.32,4.4,mb
2014-07-06T14:48:13.060Z,30.3227,80.3415,43.73,4.1,mb
2014-07-03T11:35:00.300Z,30.2451,80.3384,35,4,mb
2014-06-13T16:16:26.220Z,29.3624,86.2519,15.43,4,mb
2014-06-11T00:48:25.160Z,31.3833,86.3077,10,4,mb
2014-06-07T06:40:52.840Z,30.2645,81.6031,27.1,4.5,mb
2014-05-30T06:37:48.980Z,26.5567,90.227,10,4,mb
2014-04-12T16:33:03.760Z,31.498,86.4077,27.65,4.1,mb
2014-03-30T17:58:10.320Z,31.4096,86.4486,25.85,4.2,mb
2014-03-30T17:10:14.880Z,31.3961,86.4624,13.47,5.3,mb
2014-01-16T17:47:34.950Z,31.8719,90.2824,46.49,4.8,mb
2013-12-08T14:19:43.030Z,27.7317,87.6012,44.81,4,mb
2013-12-04T13:05:19.880Z,26.5885,89.5628,13.6,4.7,mb
2013-11-03T06:47:22.450Z,29.3825,81.8689,38.58,4,mb
2013-10-03T06:12:39.140Z,27.2898,88.4022,9.87,5.2,mb
2013-09-22T00:42:44.580Z,31.4853,86.5844,12.62,4.2,mb
2013-09-15T22:27:59.880Z,30.9206,83.2204,32.81,4.4,mb
2013-08-30T18:02:28.820Z,28.0742,85.7479,45.78,4.1,mb
2013-08-30T17:48:42.980Z,28.1613,85.8966,54.65,4.9,mb
2013-08-06T16:13:53.220Z,31.4676,86.4892,10,4.8,mb
2013-08-06T15:31:22.080Z,31.4444,86.4483,8.91,5.2,mb
2013-08-04T23:14:10.160Z,28.2703,87.1352,35.51,4.3,mb
2013-08-02T20:42:36.260Z,29.9248,87.8236,29.42,4.2,mb
2013-07-15T19:39:44.060Z,28.383,87.599,52.5,4.7,mb
2013-07-12T07:01:32.200Z,26.267,90.7,48.2,4.1,mb
2013-06-28T11:40:49.440Z,28.655,82.279,24.8,5,mb
2013-05-17T06:35:26.170Z,31.357,86.321,27,4.1,mb
2013-05-17T06:01:57.600Z,31.477,86.513,27.6,4.4,mb
2013-05-16T04:34:36.480Z,31.47,86.687,26.3,4,mb
2013-05-16T03:39:49.680Z,31.377,86.512,24.3,4.7,mb
2013-05-16T03:37:45.160Z,31.241,86.407,26.4,4.4,mb
2013-05-16T03:34:16.800Z,31.504,86.604,25.3,5.2,mb
2013-05-15T10:54:28.740Z,31.414,86.589,27.5,5.1,mb
2013-05-14T09:59:19.630Z,29.4,82.015,35,4,mb
2013-05-13T22:22:05.300Z,31.494,86.375,10,4.1,mb
2013-04-19T06:35:52.970Z,27.333,87.853,47.1,4.2,mb
2013-04-06T18:36:44.250Z,30.039,88.051,35,4.6,mb
2013-03-06T16:49:46.540Z,28.758,82.294,10,5,mb
2013-02-21T23:39:36.990Z,29.921,87.994,21.4,4.2,mb
2013-01-17T20:59:51.070Z,29.412,81.429,39.1,4.5,mb
2013-01-09T07:44:17.110Z,29.694,81.711,15.3,5,mb
2013-01-05T13:41:34.020Z,31.318,86.582,35,4.8,mb
2013-01-02T17:42:16.670Z,29.368,81.199,10,4.7,mb
2012-12-21T02:23:49.360Z,28.567,88.536,45.3,4.2,mb
2012-11-30T19:39:30.580Z,27.22,88.2,25,4.7,mb
2012-11-11T18:39:23.680Z,29.46,81.479,37.1,4.8,mb
2012-11-05T13:08:00.030Z,28.447,86.187,77.8,4.5,mb
2012-10-14T08:15:28.570Z,32.006,84.919,10,4,mb
2012-10-08T17:46:20.670Z,31.832,78.444,10,4.9,mb
2012-09-24T06:52:37.760Z,30.987,84.444,34,4.2,mb
2012-09-18T12:26:25.280Z,27.33,88.642,42.2,4.6,mb
2012-08-28T08:31:24.490Z,28.848,82.022,10,4.6,mb
2012-08-24T03:55:53.620Z,28.343,82.607,35,4.4,mb
2012-08-24T00:17:14.790Z,28.385,82.618,35,4,mb
2012-08-23T16:30:21.790Z,28.47,82.69,28.4,5,mb
2012-08-09T13:12:04.910Z,28.456,86.74,70.2,4.7,mb
2012-08-01T19:50:01.040Z,29.972,85.344,10,4.5,mb
2012-07-31T11:58:29.220Z,28.745,82.442,10,4.4,mb
2012-07-31T11:50:52.310Z,28.742,82.455,10,4.5,mb
2012-07-28T05:48:07.330Z,29.921,80.647,16.5,4.6,mb
2012-07-23T00:15:11.120Z,29.79,88.021,35,4.3,mb
2012-07-22T16:44:20.410Z,29.951,88.041,29.4,4.9,mb
2012-07-11T17:23:30.110Z,29.439,81.287,36.7,4.1,mb
2012-07-10T13:03:55.050Z,27.074,90.663,35,4.7,mb
2012-07-03T19:11:40.860Z,29.914,88.011,10,4.9,mb
2012-07-02T01:47:47.730Z,29.885,87.872,21.4,4.3,mb
2012-06-11T04:35:59.960Z,27.306,88.13,51.5,4.5,mb
2012-06-09T07:54:11.100Z,28.4,84.126,20.1,4.8,mb
2012-05-30T01:54:30.620Z,27.328,87.974,35.4,4.3,mb
2012-05-27T20:50:22.610Z,30.822,83.466,35,4.8,mb
2012-03-27T23:40:12.600Z,26.087,87.777,28.8,5,mb
2012-03-19T20:36:21.310Z,29.015,82.321,10,4.3,mb
2012-02-26T23:08:47.640Z,29.682,81.086,35,4.4,mb
2012-01-19T00:46:47.580Z,29.456,81.89,10,4,mb
2011-12-22T23:42:59.760Z,31.868,86.389,35,4.9,mwc
2011-12-14T20:20:53.840Z,27.504,87.955,47.5,4,mb
2011-12-01T03:50:56.970Z,31.804,83.823,6.7,5.1,mwc
2011-11-16T00:26:09.950Z,30.212,83.002,35,4,mb
2011-11-12T23:46:56.810Z,28.212,84.93,50.5,4.2,mb
2011-09-18T13:54:19.630Z,27.353,88.452,28.2,4.7,mb
2011-09-18T13:12:00.350Z,27.52,88.583,40.1,4.8,mb
2011-09-18T12:40:51.830Z,27.73,88.155,50,6.9,mww
2011-08-19T01:52:08.040Z,29.548,81.527,10,4,mb
2011-08-15T16:48:08.000Z,27.256,86.306,35,4,mb
2011-08-11T22:01:27.230Z,30.092,86.814,37.9,4.2,mb
2011-07-12T07:59:31.200Z,30.342,83.727,48.2,4.2,mb
2011-06-20T06:27:18.430Z,30.61,79.338,14.3,4.9,mb
2011-06-03T00:53:27.280Z,27.529,88.019,45.7,5,mb
2011-05-24T12:52:00.090Z,30.042,85.391,41.4,4.5,mb
2011-05-04T20:57:19.260Z,30.323,80.433,25.4,4.6,mb
2011-04-24T02:23:01.910Z,29.662,89.29,95,4,mb
2011-04-04T11:31:43.050Z,29.698,80.754,26.1,5.3,mwb
2011-02-13T17:51:21.560Z,27.388,86.941,28.6,4.5,mb
2011-02-10T03:51:44.230Z,27.215,88.211,46.2,4,mb
2010-12-29T19:01:28.390Z,30.797,86.454,8.4,4.9,mb
2010-12-29T18:39:09.110Z,31.089,86.905,10,4.4,mb
2010-12-29T18:30:59.750Z,30.942,86.508,21.9,5.1,mwc
2010-11-30T08:39:56.920Z,29.775,90.329,10,5.3,mwc
2010-11-25T14:05:30.330Z,28.466,82.741,10,4,mb
2010-11-07T10:53:18.490Z,30.909,84.509,50.1,4,mb
2010-10-18T04:26:51.270Z,28.492,85.647,43,4,mb
2010-10-17T20:11:18.460Z,28.487,85.677,41.1,4.9,mb
2010-07-10T10:15:45.190Z,29.318,86.981,42.3,4.6,mb
2010-07-10T03:16:18.770Z,30.075,79.608,13.1,4.6,mb
2010-07-06T19:08:25.870Z,29.841,80.397,32.8,5,mwc
2010-07-05T02:04:07.220Z,31.064,80.538,10,4.8,mb
2010-07-04T02:35:59.130Z,29.854,80.375,11.6,4.7,mb
2010-06-22T23:14:10.840Z,29.872,80.428,16.3,5.2,mb
2010-06-13T14:37:56.580Z,29.547,81.486,10,4.6,mb
2010-06-13T14:31:51.860Z,29.587,81.446,19,4.7,mb
2010-06-02T08:05:22.880Z,31.406,80.251,35,4,mb
2010-05-14T14:46:27.340Z,29.664,90.36,10,4.9,mb
2010-05-01T22:36:29.370Z,30.099,80.026,35.5,4.5,mb
2010-04-28T19:20:28.060Z,31.647,90.507,10,4.1,mb
2010-03-23T10:53:25.770Z,30.427,83.839,35,4.1,mb
2010-03-15T20:23:28.040Z,30.64,81.953,29.5,4.9,mb
2010-03-15T20:17:16.890Z,30.531,81.875,17.8,4.9,mwc
2010-03-09T22:21:13.460Z,30.655,83.773,40.3,4.2,mb
2010-02-28T22:03:23.550Z,28.363,86.579,35,4,mb
2010-02-26T04:42:39.350Z,28.474,86.745,89.1,5.1,mwc
2010-02-25T14:06:19.770Z,29.701,81.68,35.2,4.3,mb
2010-02-22T17:23:45.140Z,30.069,80.034,10,4.6,mb
2010-02-19T16:14:55.810Z,30.678,83.848,43.2,4.2,mb
2010-01-11T05:15:16.160Z,29.744,80.557,35,4.7,mb
2010-01-01T02:22:23.820Z,30.646,83.791,10,5.2,mwc
2009-12-28T02:15:04.870Z,30.686,83.769,10,4.4,mb
2009-12-16T06:13:01.520Z,29.518,81.471,35,4.3,mb
2009-11-20T07:16:58.950Z,30.762,83.448,19,5,mwc
2009-11-18T00:49:04.510Z,27.683,90.446,43.9,4.5,mb
2009-11-07T23:00:32.240Z,26.922,89.178,41.1,4.1,mb
2009-11-07T20:08:46.290Z,29.49,86.008,5.7,5.5,mwc
2009-10-30T04:29:08.390Z,29.643,84.585,10,4.4,mb
2009-10-29T19:57:01.280Z,26.548,90.018,30.4,4.8,mb
2009-10-03T05:20:58.720Z,29.996,79.849,36.1,4.8,mb
2009-09-29T06:01:13.260Z,30.888,83.49,10,5,mwc
2009-09-21T09:43:50.990Z,30.879,79.057,52.3,5,mb
2009-07-24T12:39:50.740Z,30.945,85.81,10,4.1,mb
2009-07-24T03:11:56.830Z,31.158,85.902,13.4,5.8,mwc
2009-06-11T21:37:33.200Z,30.794,83.485,10,4.1,mb
2009-06-06T09:44:36.970Z,30.996,86.314,10,4.9,mwc
2009-03-18T00:29:33.430Z,30.634,83.734,32,4.1,mb
2009-02-18T10:11:43.650Z,30.667,83.857,35,5.1,mwc
2008-12-26T11:43:55.390Z,29.888,81.979,28,4.1,mb
2008-12-25T00:26:36.210Z,27.235,88.631,49.2,4.8,mb
2008-12-08T08:59:11.320Z,29.948,82.051,35.6,5.3,mwc
2008-12-07T14:06:34.410Z,30.713,83.105,10,4.1,mb
2008-12-04T02:04:47.850Z,30.57,83.365,10,4,mb
2008-12-02T05:11:42.030Z,27.373,88.051,24.7,5.2,mb
2008-11-25T21:51:28.580Z,30.74,83.637,10,4.2,mb
2008-11-25T21:50:49.240Z,30.633,83.483,10,4.5,mb
2008-11-23T13:22:58.580Z,29.842,90.45,10,4.4,mb
2008-11-20T10:42:33.520Z,29.765,90.517,10,4.4,mb
2008-11-18T05:29:22.970Z,30.254,83.766,34.8,4.5,mb
2008-11-17T23:52:18.360Z,29.19,88.226,11.6,4.6,mb
2008-11-14T16:39:58.660Z,30.249,83.72,19.8,4.2,mb
2008-10-25T00:29:28.090Z,30.833,83.533,10,4,mb
2008-10-24T22:58:27.230Z,30.991,83.557,10,4.2,mb
2008-10-22T03:31:56.350Z,30.517,83.481,10,4.1,mb
2008-10-16T13:26:15.210Z,29.712,90.473,4.9,4.3,mb
2008-10-11T02:31:19.690Z,29.657,90.511,10,4,mb
2008-10-10T21:18:46.660Z,29.797,90.59,10,4.6,mb
2008-10-10T11:36:10.570Z,29.777,90.556,10,4.4,mb
2008-10-09T17:59:22.620Z,29.654,90.478,10,4.5,mb
2008-10-09T13:28:30.160Z,29.685,90.624,10,4.5,mb
2008-10-09T03:28:46.840Z,29.684,90.361,10,4.8,mb
2008-10-08T15:47:01.450Z,29.708,90.489,10,4,mb
2008-10-08T14:07:16.290Z,29.757,90.328,9,5.5,mwc
2008-10-08T14:03:05.940Z,29.733,90.547,10,4.3,mb
2008-10-06T23:12:24.830Z,29.652,90.498,10,4.1,mb
2008-10-06T19:03:01.270Z,29.77,90.631,10,4.7,mb
2008-10-06T14:26:22.980Z,29.752,91.048,24.5,4.6,mb
2008-10-06T14:16:07.120Z,29.741,90.404,10,4.4,mb
2008-10-06T12:46:53.800Z,29.764,90.464,10,4.9,mb
2008-10-06T12:10:33.380Z,29.653,90.32,10,5.2,mwc
2008-10-06T11:11:30.220Z,29.747,90.354,10,4.2,mb
2008-10-06T10:20:15.050Z,29.696,90.422,10,4.4,mb
2008-10-06T10:17:11.030Z,29.806,90.42,10,5.1,mb
2008-10-06T08:56:07.210Z,29.722,90.572,10,4,mb
2008-10-06T08:45:10.770Z,29.752,90.461,10,5,mb
2008-10-06T08:45:05.540Z,29.773,90.435,10,4.7,mb
2008-10-06T08:43:49.180Z,29.748,90.44,10,4.6,mb
2008-10-06T08:38:47.820Z,29.643,90.401,10,4.8,mb
2008-10-06T08:30:45.570Z,29.807,90.35,12,6.3,mwc
2008-10-05T01:13:57.440Z,30.738,83.224,10,4.3,mb
2008-10-05T01:12:01.110Z,30.658,83.278,10,4,mb
2008-09-25T20:17:25.560Z,30.884,83.482,10,4.9,mwc
2008-09-25T11:19:05.260Z,30.822,83.512,10,4.1,mb
2008-09-25T01:55:59.790Z,30.789,83.404,10,4.3,mb
2008-09-25T01:47:11.190Z,30.836,83.487,4,6,mwc
2008-09-20T04:11:49.220Z,30.99,83.522,10,4.2,mb
2008-09-20T00:06:04.650Z,31.149,83.746,10,4.1,mb
2008-09-19T19:46:57.910Z,28.579,86.671,69.2,4,mb
2008-09-15T17:09:51.560Z,30.738,83.273,10,4.1,mb
2008-09-10T16:05:27.260Z,30.693,83.386,10,4.4,mb
2008-09-10T01:28:06.090Z,30.795,83.397,7.3,5.4,mwc
2008-09-10T01:16:46.720Z,30.759,83.427,10,4.8,mb
2008-09-10T01:14:31.880Z,30.783,83.591,10,5.3,mwc
2008-09-07T06:51:42.280Z,30.507,83.133,10,4,mb
2008-09-04T15:52:11.150Z,30.782,83.362,6.9,4.2,mb
2008-09-04T12:53:11.290Z,30.279,80.349,10,5,mwc
2008-09-02T21:11:40.620Z,30.53,83.171,10,4,mb
2008-09-02T21:10:12.020Z,30.461,82.968,10,4,mb
2008-09-01T11:24:03.080Z,30.777,83.469,15.5,4.5,mb
2008-08-30T21:31:12.930Z,30.755,83.44,10,5,mwc
2008-08-30T02:09:55.560Z,30.562,83.313,10,4.3,mb
2008-08-29T09:43:15.140Z,30.734,83.386,10,4.9,mwc
2008-08-29T06:18:17.220Z,30.771,83.426,24.4,4.2,mb
2008-08-29T03:52:18.800Z,30.631,83.318,10,4.5,mb
2008-08-29T01:26:41.740Z,30.545,83.247,10,4,mb
2008-08-28T07:42:12.140Z,30.64,83.251,10,4.4,mb
2008-08-28T07:13:35.980Z,30.927,83.401,10,4.2,mb
2008-08-28T05:15:13.370Z,30.823,83.609,10,4,mb
2008-08-27T19:28:21.680Z,30.666,83.358,31.8,4.7,mb
2008-08-27T04:49:08.700Z,30.85,83.544,10,4.2,mb
2008-08-27T03:24:01.190Z,30.787,83.313,10,4.1,mb
2008-08-27T02:04:38.350Z,30.796,83.512,10,4.6,mb
2008-08-27T01:35:31.870Z,30.992,83.653,10,4.4,mb
2008-08-26T23:54:23.770Z,30.659,83.284,10,5,mb
2008-08-26T16:23:42.780Z,30.644,83.239,29.4,4.2,mb
2008-08-26T16:23:28.180Z,30.844,83.524,3.3,4.3,mb
2008-08-26T13:30:00.060Z,30.688,83.311,10,4.6,mb
2008-08-26T11:22:18.200Z,30.874,83.509,10,4,mb
2008-08-26T10:03:35.140Z,30.584,83.326,10,4.1,mb
2008-08-26T01:38:12.930Z,30.742,83.241,10,4.3,mb
2008-08-26T00:21:34.280Z,30.64,83.27,10,4.3,mb
2008-08-25T21:32:59.750Z,31.001,83.57,13,4,mb
2008-08-25T20:40:45.090Z,30.928,83.473,21.4,5,mwc
2008-08-25T19:13:52.500Z,30.634,83.285,10,5.1,mwc
2008-08-25T18:15:23.800Z,30.733,83.379,10,4.1,mb
2008-08-25T17:01:30.570Z,30.778,83.292,10,4.4,mb
2008-08-25T16:46:58.090Z,30.711,83.466,10,4.2,mb
2008-08-25T15:34:31.840Z,30.684,83.446,10,4.2,mb
2008-08-25T14:59:54.220Z,30.69,83.326,21.7,4.5,mb
2008-08-25T14:36:35.430Z,30.506,83.273,10,4.6,mb
2008-08-25T14:22:47.220Z,30.981,83.514,26,4.6,mb
2008-08-25T14:16:02.580Z,30.831,83.523,10,5.2,mb
2008-08-25T14:14:45.990Z,30.749,83.356,28.1,4.3,mb
2008-08-25T13:39:38.370Z,30.797,83.38,10,5.2,mb
2008-08-25T13:29:22.720Z,30.712,83.377,10,5,mb
2008-08-25T13:21:58.820Z,30.901,83.52,12,6.7,mwc
2008-08-19T10:54:26.720Z,30.077,80.013,15.5,4.2,mb
2008-08-08T21:48:57.720Z,31.812,83.934,10,4.8,mwc
2008-08-02T22:04:53.260Z,29.538,81.623,29.5,4.1,mb
2008-07-06T03:05:42.010Z,26.979,89.734,25.8,4,mb
2008-06-20T18:05:56.940Z,27.863,85.714,12.9,4.1,mb
2008-06-15T03:27:15.450Z,29.459,81.083,29,4.6,mb
2008-06-14T11:38:16.220Z,29.945,89.891,10,4.5,ml
2008-05-25T10:28:25.540Z,28.959,88.999,10,4.4,mb
2008-03-17T18:55:51.300Z,29.76,81.531,10,4.7,ml
2008-03-02T14:13:58.140Z,29.422,81.918,10,4.4,mb
2007-11-13T17:51:00.140Z,30.084,83.267,35,4.2,mb
2007-11-05T17:32:26.800Z,28.2,84.453,2,4.3,mb
2007-10-29T09:49:21.150Z,27.945,85.38,16.1,4.7,mb
2007-10-18T22:19:00.580Z,29.833,82.065,35,4.2,mb
2007-09-01T01:33:16.100Z,27.853,87.873,73.1,4,mb
2007-08-26T11:30:50.250Z,30.033,89.214,15.1,4.8,mb
2007-08-15T02:58:25.590Z,31.284,85.346,71,4,mb
2007-08-11T14:35:54.820Z,27.344,87.737,35,5,mb
2007-08-09T20:33:46.250Z,31.343,80.155,10,4.5,mb
2007-08-03T03:50:52.650Z,27.196,86.932,64,4.3,mb
2007-08-01T15:17:52.780Z,29.213,82.196,10,4.5,mb
2007-07-20T04:44:58.880Z,30.208,89.426,10,4,mb
2007-07-14T07:51:38.460Z,31.765,88.628,51.1,4.6,mb
2007-05-20T14:18:21.330Z,27.334,88.236,42.8,4.9,mwc
2007-05-18T12:40:01.190Z,27.276,88.147,15.4,4.7,mb
2007-05-16T04:17:27.950Z,27.291,87.851,31.7,4,mb
2007-04-17T07:04:38.040Z,28.262,87.759,72.2,4.1,mb
2007-03-10T13:25:47.160Z,29.44,81.144,5.8,4.6,mb
2007-02-15T19:09:39.030Z,29.567,81.451,18.7,4.5,mb
2007-02-06T21:38:59.340Z,27.913,87.622,58.9,4.3,mb
2007-01-20T17:51:45.180Z,31.038,82.73,10,4.6,mb
2007-01-20T17:51:09.600Z,31.062,82.813,0.8,4.4,mb
2006-12-31T21:36:54.070Z,28.216,88.232,35,4.1,mb
2006-10-27T07:55:01.980Z,29.875,80.035,10,4.2,mb
2006-10-27T01:07:32.960Z,29.854,80.545,38.8,4.1,mb
2006-10-22T04:08:13.420Z,30.601,83.584,10,4.3,mb
2006-09-26T04:04:20.120Z,29.76,80.521,6.6,4.7,mb
2006-09-19T06:56:44.570Z,29.49,81.569,27.7,4.7,mb
2006-08-30T18:25:00.600Z,29.052,83.602,10,4.5,ml
2006-08-05T07:33:02.490Z,29.887,80.098,10,4.5,mb
2006-07-20T16:52:35.270Z,30.171,83.675,10,4.3,mb
2006-07-17T13:47:48.360Z,26.744,89.432,10,4.1,mb
2006-05-29T16:09:08.730Z,30.186,84.212,10,4,mb
2006-05-05T08:00:28.780Z,29.504,80.998,17.6,5,mb
2006-04-27T00:49:24.250Z,31.674,90.541,41.1,4.4,mb
2006-04-19T21:05:42.990Z,31.607,90.413,33.1,5.7,mwc
2006-04-04T08:23:05.760Z,28.051,85.789,2.7,4.1,mb
2006-02-21T10:59:11.990Z,29.252,81.301,26.3,4.4,mb
2006-02-14T19:17:33.260Z,30.265,80.528,62.5,4.5,mb
2006-02-14T00:55:25.060Z,27.382,88.388,30,5.3,mwc
2006-02-06T20:53:15.720Z,31.307,90.406,44.9,4.5,mb
2006-02-03T01:57:47.220Z,27.245,86.383,14.3,4.7,mwc
2006-02-01T22:24:15.920Z,30.288,80.483,50.6,4.7,mwc
2006-01-30T01:57:34.500Z,30.168,80.225,40.8,4.1,mb
2006-01-20T06:12:25.120Z,31.44,85.01,37.3,4.6,mb
2005-12-25T18:08:07.630Z,28.576,86.087,54.9,4,mb
2005-12-14T07:09:54.190Z,30.476,79.255,44,5.1,mwc
2005-12-12T17:34:14.660Z,29.278,82.021,35,4.7,mb
2005-12-10T05:39:33.640Z,29.172,82.344,10,4.6,ml
2005-11-06T01:36:56.670Z,29.731,81.868,49.5,5,mb
2005-10-31T21:47:56.070Z,28.39,84.863,10,4.7,mwc
2005-10-31T05:51:16.370Z,29.731,81.857,47.1,4.7,mwc
2005-10-29T23:32:10.440Z,29.525,81.577,48.5,4.6,mb
2005-10-25T01:51:26.540Z,30.146,81.208,49.9,4.9,mb
2005-10-10T19:51:54.520Z,30.242,83.389,35,4.4,mb
2005-09-05T01:45:43.000Z,30.406,79.151,10,4.6,mb
2005-08-28T13:14:08.270Z,27.636,87.419,38.8,4.8,mb
2005-08-20T14:07:09.120Z,31.144,88.206,10,4.4,mb
2005-08-20T12:50:51.710Z,31.223,88.168,54,4.9,mwc
2005-08-16T03:45:54.190Z,30.924,78.56,42.6,4.4,mb
2005-06-17T02:08:18.130Z,30.598,83.529,10,4,mb
2005-06-14T14:23:18.470Z,27.205,87.92,44.4,4.6,mb
2005-06-05T16:49:43.100Z,30.427,83.488,6.2,4.1,mb
2005-05-30T10:57:29.930Z,31.568,88.18,10,4,mb
2005-05-29T17:49:29.590Z,30.246,83.475,20.6,4.3,mb
2005-05-22T14:17:37.870Z,30.319,83.822,63.2,4.3,mb
2005-05-11T04:13:06.890Z,30.6,85.172,37.5,4.6,mb
2005-05-08T16:42:24.060Z,30.097,90.261,97.7,4.6,mb
2005-04-10T05:59:43.520Z,30.356,83.699,55.8,4.6,mb
2005-04-09T23:39:15.310Z,30.434,83.381,10,4,mb
2005-04-09T09:20:26.150Z,30.494,83.599,10,4.4,mb
2005-04-08T22:02:40.200Z,30.406,83.439,10,4,mb
2005-04-08T19:51:35.550Z,30.527,83.67,10,5,mwc
2005-04-08T13:04:10.490Z,30.249,83.311,10,4,mb
2005-04-08T08:43:15.760Z,29.865,82.709,10,4.1,mb
2005-04-08T07:02:39.800Z,30.285,83.501,10,4.4,mb
2005-04-08T04:16:37.310Z,30.226,83.597,10,4.3,mb
2005-04-07T23:34:16.220Z,30.276,83.633,10,4.2,mb
2005-04-07T21:42:09.020Z,30.323,83.756,10,5.1,mb
2005-04-07T21:41:36.570Z,30.588,83.681,10,5.4,mwc
2005-04-07T21:08:36.170Z,30.198,83.399,10,4.2,mb
2005-04-07T20:04:41.060Z,30.491,83.662,11,6.3,mwc
2005-04-07T01:40:45.850Z,29.299,81.451,22.7,4.1,mb
2005-03-26T20:32:13.420Z,28.259,87.926,70.7,4.7,mwc
2005-03-19T10:54:40.990Z,28.126,84.282,10,4.4,mb
2005-03-11T05:08:39.160Z,27.336,90.486,52.6,4.4,mb
2005-03-06T03:22:43.610Z,30.616,83.761,49.5,4.6,mb
2005-02-08T04:13:56.390Z,27.76,86.072,14.6,4.1,mb
2005-02-08T03:35:04.840Z,27.738,86.092,10,4.9,mb
2005-02-08T01:51:35.940Z,27.82,86.033,14.4,4.2,mb
2005-01-16T08:43:46.800Z,29.646,80.696,10,4.8,mb
2005-01-15T22:32:48.190Z,29.439,80.965,10,4.6,mb
2004-12-05T13:04:38.080Z,30.481,81.24,10,4.2,mb
2004-12-02T23:45:55.200Z,30.607,83.373,40.7,4.2,mb
2004-11-24T22:35:42.820Z,27.329,90.944,10,4,mb
2004-11-10T04:21:11.120Z,27.929,87.778,45,4.2,mb
2004-10-30T11:12:53.660Z,30.576,83.504,10,4.2,mb
2004-10-27T00:28:48.690Z,30.897,81.22,10,4.4,mb
2004-10-26T02:30:41.800Z,31.034,81.228,10,4.8,mb
2004-10-26T02:11:33.440Z,31.024,81.154,10.1,5.6,mwc
2004-10-05T07:32:31.050Z,31.68,84.92,10,4.2,mb
2004-09-12T08:48:04.910Z,29.502,81.575,11.9,4.5,mb
2004-09-09T11:20:46.920Z,31.196,81.222,67.6,4.2,mb
2004-09-09T05:55:46.100Z,29.466,80.281,5.5,4.4,mb
2004-09-06T08:46:35.950Z,31.281,81.292,28.8,4.1,mb
2004-08-25T18:50:47.700Z,30.214,86.066,47.7,4.4,mb
2004-08-25T02:22:51.380Z,30.366,83.359,33.2,4.5,mb
2004-08-21T09:08:52.370Z,29.887,88.032,48.3,4,mb
2004-08-21T09:07:11.110Z,29.944,88.086,26.2,4.2,mb
2004-08-10T20:03:16.160Z,30.288,83.316,10,4,mb
2004-08-04T02:09:21.280Z,25.923,90.262,61.7,4.2,mb
2004-07-28T22:22:13.140Z,30.714,83.633,10,5,mwc
2004-07-23T01:25:32.600Z,30.175,88.118,11.2,4.8,mb
2004-07-20T03:35:51.080Z,27.938,85.793,13.1,4.1,mb
2004-07-16T20:33:53.980Z,28.232,83.944,16.6,4,mb
2004-07-12T17:58:51.590Z,30.561,83.569,10,4,mb
2004-07-12T14:38:20.840Z,30.746,83.773,10,4.6,mb
2004-07-11T23:57:53.360Z,30.714,83.639,10,4.9,mb
2004-07-11T23:24:03.580Z,30.82,83.673,10,4.5,mb
2004-07-11T23:08:44.180Z,30.694,83.672,13,6.2,mwb
2004-07-08T21:50:00.520Z,29.844,87.997,32.6,4.2,mb
2004-07-01T19:14:39.700Z,29.878,87.915,35,4.2,mb
2004-06-30T15:33:04.410Z,29.848,87.871,25.1,4.3,mb
2004-06-26T02:59:28.540Z,30.038,88.052,56.8,4.2,mb
2004-06-24T10:03:28.600Z,29.868,87.905,20,4.3,mb
2004-06-05T08:47:30.760Z,29.86,89.698,8.7,4.3,mb
2004-05-29T12:22:15.630Z,28.512,82.702,25,4.1,mb
2004-05-27T00:22:17.300Z,26.301,89.521,10,4.5,mb
2004-05-21T15:29:04.240Z,30.623,85.116,15.9,4.2,mb
2004-04-17T07:15:24.730Z,29.705,81.051,10,4.1,mb
2004-04-10T23:59:10.310Z,31.548,90.83,35.2,4.4,mb
2004-04-03T02:51:10.610Z,29.846,81.118,76.5,4.6,mb
2004-03-11T14:39:39.940Z,30.467,82.631,27.9,4,mb
2004-03-01T17:59:04.890Z,30.744,80.963,93.9,4,mb
2004-03-01T17:41:18.600Z,30.368,80.496,58.6,4.8,mb
2004-02-27T12:53:14.600Z,28.127,87.66,68.1,4.8,mb
2004-02-18T01:23:43.820Z,27.361,87.758,20.7,4.7,mb
2004-01-06T03:13:28.930Z,30.539,86.042,46.2,4.6,mb
2004-01-03T13:14:28.680Z,27.739,85.931,17.1,4.9,mb
2003-12-23T15:43:06.500Z,31.397,89.478,33,4,mb
2003-12-10T17:17:37.330Z,30.469,83.278,33,4.5,mb
2003-11-23T19:15:05.590Z,28.297,83.773,32.3,4,mb
2003-11-22T23:31:56.360Z,28.202,83.767,33,4.3,mb
2003-11-22T05:07:05.740Z,28.277,83.767,30.9,4.3,mb
2003-11-15T14:43:59.540Z,30.24,83.103,33,4.2,mb
2003-11-14T08:17:55.610Z,30.495,86.08,33,4,mb
2003-09-29T13:40:30.450Z,27.358,87.738,33,4.6,mb
2003-09-03T23:21:03.990Z,30.583,80.432,33,4.8,mb
2003-08-20T03:34:54.190Z,30.169,82.219,33,4.6,mb
2003-07-28T02:44:59.980Z,28.698,82.045,33,4.2,mb
2003-07-01T05:13:53.580Z,30.924,86.377,33,4.3,mb
2003-06-23T12:30:54.080Z,27.79,88.168,80.3,4.2,mb
2003-06-03T03:33:31.840Z,30.629,86.033,33,4.4,mb
2003-05-27T10:14:58.870Z,30.383,79.087,33,4.1,mb
2003-05-27T04:23:28.960Z,30.547,79.293,33,4.9,mb
2003-05-18T19:58:50.490Z,29.511,81.86,33,4.4,mb
2003-05-03T17:43:06.280Z,30.325,81.331,33,4.3,mb
2003-04-04T07:02:32.020Z,30.026,80.008,33,4.7,mb
2003-03-25T18:51:26.340Z,27.264,89.331,47.1,5.5,mwc
2003-03-21T12:25:11.360Z,29.748,80.566,33,4.2,mb
2003-03-05T08:22:35.710Z,31.519,78.62,18.9,4.7,mb
2003-02-26T23:40:50.710Z,29.906,87.893,33,4.2,mb
2003-02-26T19:58:13.150Z,28.347,86.449,33,4.6,mb
2003-01-18T10:31:48.640Z,28.622,81.95,33,4.3,mb
2003-01-16T11:36:49.140Z,29.8,88.006,12.2,5.1,mb
2002-12-30T16:46:27.570Z,30.717,86.272,51.3,4.2,mb
2002-12-27T03:28:32.590Z,29.662,87.725,33,4.2,mb
2002-12-16T11:56:58.570Z,29.725,87.822,33,4.2,mb
2002-11-29T16:49:07.840Z,29.676,90.395,10,4.9,mb
2002-11-16T18:04:41.390Z,29.694,90.407,10,4.3,mb
2002-11-16T09:44:52.720Z,29.768,90.48,10,4.6,mb
2002-11-16T09:40:13.070Z,29.768,90.523,10,4.7,mb
2002-11-16T08:52:21.060Z,29.667,90.409,10,4.6,mb
2002-11-13T11:58:17.350Z,30.744,84.145,33,4.1,mb
2002-11-05T23:39:45.440Z,31.014,86.576,41.3,4.8,mb
2002-11-04T10:59:35.240Z,28.855,82.208,33,4.2,mb
2002-10-29T17:26:33.450Z,28.007,87.423,33,4.1,mb
2002-10-11T22:24:29.790Z,29.919,88.009,33,4.4,mb
2002-10-11T21:07:10.090Z,31.229,88.229,60.9,4.7,mb
2002-09-27T09:51:07.180Z,29.784,87.885,33,4.4,mb
2002-08-31T12:40:35.370Z,29.871,87.878,33,5,mb
2002-08-22T04:50:14.270Z,29.818,88.087,38.5,4.5,mb
2002-08-16T07:14:34.880Z,30.059,87.887,33,4.1,mb
2002-08-06T23:30:01.020Z,29.912,87.87,33,4.6,mb
2002-08-01T15:17:17.960Z,29.895,87.948,33,4.4,mb
2002-07-16T18:39:24.490Z,27.774,87.468,33,4,mb
2002-07-09T03:08:05.280Z,29.889,87.995,33,4.7,mb
2002-06-16T20:35:43.860Z,29.845,87.853,12.8,4.3,mb
2002-06-09T16:17:13.440Z,30.501,81.457,33,4,mb
2002-06-06T01:35:52.320Z,30.457,81.251,33,4.7,mb
2002-06-05T05:35:43.480Z,30.392,81.264,33,4.4,mb
2002-06-04T17:27:07.180Z,30.425,81.398,33,4.4,mb
2002-06-04T15:27:07.270Z,30.323,81.243,33,4,mb
2002-06-04T14:47:16.310Z,30.473,81.447,33,4.6,mb
2002-06-04T14:36:05.800Z,30.595,81.44,33,5.6,mwc
2002-05-27T01:36:11.330Z,31.505,85.421,33,4.3,mb
2002-05-22T19:28:15.460Z,29.442,81.928,33,4.3,mb
2002-05-09T01:09:20.620Z,29.826,87.837,33.6,4.6,mb
2002-05-08T17:57:01.420Z,28.659,86.584,115.6,4,mb
2002-05-03T13:55:45.050Z,30.876,86.387,33,4.1,mb
2002-04-09T02:09:42.040Z,29.826,87.909,33,4,mb
2002-04-02T19:57:21.290Z,29.287,87.009,33,4.6,mb
2002-04-02T19:34:14.790Z,29.043,86.873,33,4.2,mb
2002-03-31T12:40:28.000Z,29.873,87.983,33,4.4,mb
2002-03-28T03:01:20.670Z,29.899,88.095,33,4.3,mb
2002-03-23T04:56:25.890Z,29.863,87.928,33,4.7,mb
2002-03-21T13:03:21.700Z,29.766,88.053,53.4,4.2,mb
2002-03-09T18:43:02.360Z,29.955,79.966,33,4.6,mb
2002-03-07T15:50:18.920Z,29.625,84.419,70,4.6,mb
2002-02-06T07:53:29.620Z,31.309,88.065,33,4.2,mb
2002-01-31T02:11:01.040Z,29.901,87.899,39.6,4.3,mb
2001-12-18T02:22:00.070Z,29.612,81.78,33,4.9,mb
2001-12-03T06:38:26.120Z,31.422,86.288,33,4,mb
2001-12-02T22:41:13.790Z,27.15,88.171,33,5.1,mb
2001-12-02T11:00:36.740Z,31.427,86.401,33,4.4,mb
2001-11-30T21:46:04.570Z,29.327,81.638,33,4.7,mb
2001-11-28T10:05:33.840Z,29.344,81.601,33,4.2,mb
2001-11-27T17:56:55.110Z,29.51,81.739,33,5.1,mb
2001-11-27T08:53:54.080Z,29.548,81.745,33,5.4,mwc
2001-11-27T08:46:19.160Z,29.39,81.631,33,4.8,mb
2001-11-27T07:31:52.330Z,29.606,81.752,33,5.5,mwc
2001-11-23T18:55:57.540Z,31.286,87.414,33,4.1,mb
2001-11-07T04:58:06.240Z,30.106,85.452,33,4.1,mb
2001-09-27T22:40:11.220Z,26.817,87.593,33,4.3,mb
2001-09-13T06:20:35.340Z,29.762,80.488,36,4.4,mb
2001-08-09T05:56:22.860Z,30.486,79.167,39.3,4.3,mb
2001-08-06T06:23:29.050Z,27.66,87.427,33,4.4,mb
2001-07-16T23:01:41.000Z,28.133,84,33,4.1,mb
2001-07-16T16:12:46.750Z,27.957,85.178,33,5,mb
2001-07-02T15:24:50.610Z,30.549,86.538,33,4.5,mb
2001-06-13T11:09:52.220Z,31.379,85.756,72.4,4.5,mb
2001-06-13T11:07:02.780Z,31.439,85.753,54.3,4.1,mb
2001-05-03T16:02:59.640Z,27.63,90.47,33,4.1,mb
2001-04-29T10:39:05.170Z,28.912,87.222,33,4.7,mb
2001-04-28T10:37:56.570Z,28.872,87.162,33,5.2,mb
2001-04-15T08:36:34.310Z,29.248,81.321,33,4.3,mb
2001-04-12T22:08:51.540Z,29.94,88.114,33,4.6,mb
2001-04-03T23:08:35.920Z,27.801,86.127,33,4.6,mb
2001-03-26T13:00:34.670Z,31.376,85.526,33,4.3,mb
2001-03-12T11:34:18.010Z,30.406,79.022,33,4.5,mb
2001-02-27T01:46:05.310Z,26.486,90.616,20.2,4.9,mb
2000-10-26T15:22:34.920Z,29.211,81.875,33,4.8,mb
2000-10-09T01:21:10.850Z,29.332,81.479,33,4.1,mb
2000-10-08T06:14:57.420Z,30.193,88.115,33,4.7,mb
2000-07-12T22:23:59.600Z,31.508,83.506,33,4.8,mb
2000-07-03T07:09:53.720Z,31.471,84.714,33,4.5,mb
2000-06-03T02:39:08.890Z,31.185,87.188,33,4.5,mb
2000-05-29T03:06:10.550Z,30.759,86.984,33,4.4,mb
2000-05-29T02:14:01.860Z,30.944,87.111,33,4.1,mb
2000-05-05T22:48:19.830Z,29.398,81.573,81.3,4.4,mb
2000-03-13T20:44:31.520Z,27.656,87.852,33,4.3,mb
2000-02-26T04:04:34.870Z,28.494,82.145,33,4.6,mb
2000-02-21T18:21:36.160Z,28.442,86.578,33,4.1,mb
2000-01-25T04:09:36.340Z,31.167,86.627,33,4,mb
2000-01-20T12:54:24.340Z,27.785,85.813,33,4.4,mb
2000-01-11T09:40:09.960Z,31.336,86.573,33,4,mb
1999-12-25T00:45:24.350Z,30.314,87.689,33,4.1,mb
1999-12-21T17:17:30.820Z,30.938,86.224,33,4,mb
1999-12-01T13:56:43.750Z,30.024,81.444,33,4.5,mb
1999-11-16T11:41:33.660Z,30.385,82.773,33,4.6,mb
1999-10-15T07:33:01.060Z,29.608,90.061,33,4.7,mb
1999-10-03T06:38:41.980Z,30.172,88.116,33,4.3,mb
1999-09-05T02:28:16.980Z,28.159,87.413,33,4.5,mb
1999-08-01T08:24:46.170Z,28.442,86.733,40.2,5.2,mb
1999-05-28T19:00:11.610Z,29.356,81.003,33,4.3,mb
1999-05-14T08:31:03.600Z,30.32,79.318,33,4.6,mb
1999-05-07T17:12:01.830Z,30.109,79.346,10,4.5,mb
1999-04-24T19:48:35.920Z,28.379,81.161,33,4.3,mb
1999-04-18T17:16:36.590Z,30.243,79.298,10,4.9,mb
1999-04-14T17:24:27.880Z,30.256,79.305,10,4.9,mb
1999-04-07T16:23:26.940Z,30.257,79.295,10,4.7,mb
1999-04-07T15:49:12.620Z,30.249,79.316,10,4.9,mb
1999-04-06T20:46:40.050Z,30.33,79.343,10,4.6,mb
1999-04-06T19:37:24.050Z,30.414,79.321,10,5.1,mb
1999-04-01T02:48:51.440Z,30.528,79.407,10,4.5,mb
1999-03-30T21:02:10.340Z,30.376,79.335,10,5.3,mb
1999-03-30T15:51:49.060Z,30.187,79.305,10,4.5,mb
1999-03-29T13:20:57.410Z,30.286,79.286,10,4.6,mb
1999-03-29T08:49:44.570Z,30.213,79.245,10,4.6,mb
1999-03-28T23:20:26.390Z,30.385,79.494,10,4.5,mb
1999-03-28T23:04:35.440Z,30.357,79.481,10,4.4,mb
1999-03-28T19:47:04.590Z,30.342,79.31,10,4.7,mb
1999-03-28T19:36:05.510Z,30.315,79.387,10,5.4,mb
1999-03-28T19:05:11.030Z,30.512,79.403,15,6.6,mwb
1999-03-19T05:53:40.650Z,27.748,85.609,33,4.5,mb
1999-03-13T06:04:00.810Z,30.272,90.37,33,4.4,mb
1999-02-25T11:13:54.290Z,30.657,78.878,33,4,mb
1999-02-01T01:25:43.510Z,28.492,83.188,33,4.2,mb
1998-12-25T10:44:40.140Z,30.328,86.472,33,4.4,mb
1998-12-14T09:27:23.830Z,31.459,90.9,71.7,4.1,mb
1998-12-01T05:35:09.200Z,27.935,87.649,33,4.8,mb
1998-11-26T10:14:27.630Z,27.753,87.894,73.1,5.1,mb
1998-11-19T16:34:16.350Z,30.42,79.163,33,4.5,mb
1998-11-14T04:11:29.090Z,31.081,86.514,33,4.2,mb
1998-10-24T13:19:53.200Z,30.405,88.155,45.9,4.1,mb
1998-10-05T10:24:48.790Z,30.203,88.298,33,5.2,mwc
1998-10-02T17:36:44.620Z,29.17,85.136,33,4.2,mb
1998-09-30T02:29:55.140Z,29.948,88.117,33,5.2,mwc
1998-09-21T23:24:40.670Z,29.94,88.005,33,4.1,mb
1998-09-12T05:08:52.140Z,27.852,86.9,33,4.2,mb
1998-09-10T22:57:16.900Z,27.199,88.341,33,4.7,mb
1998-09-08T02:03:29.740Z,30.344,88.141,33,4.4,mb
1998-09-07T10:44:39.060Z,30.27,88.129,33,4.7,mb
1998-09-06T21:35:49.470Z,27.859,86.895,33,4.6,mb
1998-09-04T01:10:18.460Z,27.777,86.793,33,4.2,mb
1998-09-04T00:36:17.990Z,27.455,86.464,33,4.1,mb
1998-09-03T23:02:28.330Z,27.6,86.733,33,4.6,mb
1998-09-03T21:00:53.590Z,27.729,86.88,33,4.1,mb
1998-09-03T18:51:38.600Z,27.65,86.802,33,4.4,mb
1998-09-03T18:15:56.560Z,27.85,86.941,33,5.6,mb
1998-08-30T04:11:35.070Z,30.034,88.081,33,4.6,mb
1998-08-30T03:49:48.110Z,29.904,87.989,33,4,mb
1998-08-30T03:37:48.980Z,30.044,88.077,33,5,ms
1998-08-28T22:01:55.790Z,30.191,88.15,33,5,mwc
1998-08-25T23:23:34.880Z,30.299,88.112,33,4.6,mb
1998-08-25T15:16:02.760Z,29.976,88.105,33,4.4,mb
1998-08-25T13:50:06.160Z,30.099,88.054,33,4.1,mb
1998-08-25T12:43:04.300Z,29.961,88.091,33,4.4,mb
1998-08-25T12:29:45.130Z,30.022,88.06,33,4.6,mb
1998-08-25T10:25:06.080Z,29.983,88.103,33,4.4,mb
1998-08-25T09:56:44.070Z,29.831,87.91,33,4.4,mb
1998-08-25T09:43:06.020Z,29.998,88.099,33,4.1,mb
1998-08-25T08:01:45.680Z,30.061,88.172,33,4.1,mb
1998-08-25T07:59:00.740Z,30.024,88.188,33,4.6,mb
1998-08-25T07:41:40.190Z,30.079,88.109,33,5.9,mwc
1998-08-18T04:10:20.690Z,27.555,90.977,22.3,5.2,mb
1998-08-07T21:08:37.750Z,30.213,88.162,33,4.3,mb
1998-07-31T17:50:18.330Z,28.01,87.73,33,4.1,mb
1998-07-21T16:48:46.280Z,30.435,87.955,33,4,mb
1998-07-21T14:40:44.670Z,30.375,88.192,15.7,5.1,mwc
1998-07-20T23:41:11.000Z,30.025,88.167,33,4,mb
1998-07-20T12:31:54.960Z,30.364,87.949,33,4.3,mb
1998-07-20T12:31:27.600Z,30.293,87.925,33,4.2,mb
1998-07-20T03:27:06.680Z,30.213,87.98,33,4,mb
1998-07-20T02:35:26.600Z,30.241,87.934,33,4.1,mb
1998-07-20T01:31:19.130Z,30.141,88.03,33,4.6,mb
1998-07-20T01:29:18.200Z,30.127,88.133,33,4.2,mb
1998-07-20T01:18:14.510Z,30.202,88.055,33,4.7,mb
1998-07-20T01:07:56.150Z,30.435,88.191,33,4.8,mb
1998-07-20T01:05:58.350Z,30.134,88.173,33.2,5.8,mwb
1998-07-15T04:36:01.080Z,29.576,81.466,33,4.7,mb
1998-07-08T03:44:59.330Z,27.325,91.027,33,5.2,mb
1998-06-27T09:05:59.270Z,27.675,85.568,33,4.9,mb
1998-06-06T11:13:08.330Z,30.372,89.221,33,4.8,mb
1998-06-06T11:06:27.170Z,30.379,89.286,33,4.8,mb
1998-05-16T10:31:01.250Z,26.644,84.667,33,4.2,mb
1998-05-10T14:56:22.950Z,29.408,82.016,33,4.1,mb
1998-05-01T11:57:36.440Z,30.04,79.537,41.9,4.4,mb
1998-03-18T18:12:18.930Z,27.368,88.334,33,4,mb
1998-03-15T20:35:29.300Z,28.554,86.886,33,4.4,mb
1998-02-28T04:59:30.750Z,27.024,87.561,33,4.4,mb
1998-02-22T22:47:44.140Z,30.215,88.047,33,4.6,mb
1998-02-22T22:45:24.880Z,30.117,88.156,33,4.1,mb
1998-02-22T02:40:38.050Z,28.453,85.435,33,4.8,mb
1998-02-12T02:40:29.130Z,26.517,88.199,33,4.6,mb
1998-02-01T17:32:48.220Z,28.19,87.122,33,4.5,mb
1998-01-16T18:06:42.510Z,30.006,86.027,33,4,mb
1997-12-08T02:03:55.840Z,27.475,87.175,33,5,mb
1997-11-27T16:55:52.110Z,27.74,87.761,33,4.2,mb
1997-11-27T16:11:57.070Z,27.618,87.347,33,5.1,mb
1997-11-19T23:23:36.800Z,31.925,82.923,33,4.2,mb
1997-11-03T02:29:51.820Z,29.078,85.383,33,5.5,mwc
1997-10-30T02:02:52.060Z,29.552,89.698,33,5.3,mb
1997-10-24T12:06:51.820Z,28.536,82.345,33,4.8,mb
1997-10-11T10:11:10.340Z,27.733,86.498,33,4.3,mb
1997-09-18T07:37:10.010Z,28.872,88.148,33,4.6,mb
1997-09-17T01:22:14.040Z,29.74,83.7,33,4.3,mb
1997-09-13T18:38:09.500Z,30.119,88.193,33,4.3,mb
1997-08-16T20:30:55.060Z,30.022,86.224,33,4.4,mb
1997-07-09T07:18:52.920Z,29.896,88.397,33,4.1,mb
1997-07-05T06:22:53.530Z,28.803,86.862,33,4.8,mb
1997-05-02T20:09:28.810Z,29.434,80.426,33,4.6,mb
1997-04-07T13:00:42.180Z,27.427,86.545,33,4.4,mb
1997-04-05T17:31:51.200Z,30.093,86.059,33,4.5,mb
1997-03-24T21:28:06.090Z,27.887,84.987,33,4.5,mb
1997-03-22T21:16:04.850Z,29.895,88.151,33,4.4,mb
1997-03-05T15:13:17.110Z,30.747,90.273,33,4.7,mb
1997-03-03T09:29:39.970Z,27.244,86.082,44.8,4.7,mb
1997-01-31T20:02:16.640Z,27.946,85.127,22.2,5.2,mb
1997-01-31T17:09:15.910Z,27.998,85.218,10,4.4,mb
1997-01-25T20:08:28.740Z,30.074,88.087,33,4.4,mb
1997-01-16T01:27:50.200Z,31.518,85.05,33,4.5,mb
1997-01-05T08:47:25.400Z,29.845,80.532,33,5.6,mwc
1996-12-30T11:08:18.920Z,27.435,86.638,33,5,mb
1996-12-29T21:51:32.730Z,29.528,81.671,33,4,mb
1996-11-08T00:54:13.290Z,29.345,81.637,33,5,mb
1996-11-04T20:43:55.170Z,29.244,81.775,76.7,4.6,mb
1996-10-14T14:49:12.740Z,29.944,88.166,33,4.4,mb
1996-10-03T01:29:03.110Z,28.209,87.489,33,4.5,mb
1996-09-25T17:41:17.240Z,27.433,88.552,33,5,mb
1996-09-25T07:12:23.060Z,30.44,78.584,33,4.6,mb
1996-09-13T03:41:08.660Z,27.033,88.234,33,4.5,mb
1996-08-29T08:38:25.150Z,30.089,88.18,33,4.7,mb
1996-08-25T21:46:08.620Z,30.139,87.736,33,4.5,mb
1996-08-03T07:12:06.420Z,30.076,88.255,33,4.1,mb
1996-07-31T08:02:52.700Z,30.111,88.143,33,5.1,mb
1996-07-31T08:00:27.580Z,30.174,88.178,33,5.5,mwc
1996-07-24T13:39:25.830Z,31.322,87.608,33,4.2,mb
1996-07-23T21:51:37.640Z,31.368,87.788,33,4.1,mb
1996-07-22T15:54:07.110Z,30.017,88.02,33,4.5,mb
1996-07-18T10:25:02.420Z,30.093,88.173,33,4.6,mb
1996-07-17T06:56:06.950Z,31.391,78.551,33,4.6,mb
1996-07-13T13:19:44.180Z,30.11,88.215,33,4.1,mb
1996-07-13T08:29:03.880Z,29.988,88.059,33,4.3,mb
1996-07-12T11:54:31.560Z,30.066,88.103,33,4.2,mb
1996-07-12T03:47:39.980Z,30.384,88.456,33,4.2,mb
1996-07-12T02:09:17.950Z,30.06,87.887,33,4.3,mb
1996-07-10T17:41:35.230Z,29.148,81.674,33,4,mb
1996-07-08T23:57:55.280Z,30.298,88.24,33,4.1,mb
1996-07-08T23:28:29.910Z,30.385,88.207,33,4,mb
1996-07-08T00:18:36.200Z,30.05,88.155,33,4.5,mb
1996-07-05T13:09:56.180Z,30.06,88.08,33,4.2,mb
1996-07-04T18:11:04.670Z,30.009,88.077,33,4.9,mb
1996-07-04T03:38:23.680Z,30.069,88.219,33,4.3,mb
1996-07-03T16:57:40.470Z,29.955,88.061,33,4.2,mb
1996-07-03T10:49:50.520Z,29.873,87.846,33,4.1,mb
1996-07-03T10:19:42.950Z,30.017,88.214,33,4.3,mb
1996-07-03T10:10:33.860Z,29.923,88.187,33,5,mwc
1996-07-03T07:15:42.960Z,29.993,87.944,33,4,mb
1996-07-03T07:10:15.930Z,30.468,88.187,33,4.1,mb
1996-07-03T07:00:28.980Z,29.862,88.113,33,4.1,mb
1996-07-03T06:44:45.550Z,30.147,88.189,33,5.7,mwb
1996-06-18T02:46:10.970Z,30.525,79.266,33,4,mb
1996-06-18T01:29:37.280Z,30.123,86.706,33,4,mb
1996-05-17T17:05:39.750Z,30.164,88.188,33,4.3,mb
1996-05-17T17:04:39.810Z,30.058,88.143,33,4.6,mb
1996-05-17T17:03:48.280Z,30.221,88.21,33,4.3,mb
1996-05-14T05:41:08.930Z,29.682,87.935,33,4.1,mb
1996-05-11T07:27:11.280Z,29.965,88.087,33,4.3,mb
1996-05-11T04:48:32.230Z,30.156,88.111,33,4.3,mb
1996-05-11T03:58:50.290Z,29.984,88.077,33,4.8,mb
1996-05-10T21:34:57.620Z,30.133,88.314,33,4,mb
1996-05-10T09:10:13.390Z,30.117,88.248,33,4.1,mb
1996-05-10T09:07:01.870Z,30.001,88.069,33,4.8,mb
1996-05-10T04:26:49.620Z,30.01,88.072,33,4.5,mb
1996-04-26T16:30:58.490Z,27.825,87.821,33,5,mb
1996-03-26T08:30:25.270Z,30.651,79.102,47.4,4.8,mb
1996-03-23T16:07:34.230Z,27.167,88.302,33,4,mb
1996-03-21T06:04:15.730Z,30.187,87.933,33,4,mb
1996-03-20T12:51:05.620Z,30.104,88.469,33,4,mb
1996-03-12T21:20:15.270Z,30.014,88.151,11.9,4.9,mb
1996-02-26T20:29:15.540Z,30.283,84.1,33,4.1,mb
1996-02-22T01:11:27.330Z,28.008,87.23,33,4.1,ml
1996-02-18T19:19:24.080Z,29.952,83.968,33,4.2,mb
1996-02-17T06:59:56.980Z,26.138,90.687,50,4.3,mb
1996-02-12T09:32:05.340Z,28.458,88.282,33,4.2,mb
1996-02-07T10:57:00.280Z,29.596,80.49,50.3,4.2,mb
1996-01-27T00:35:04.210Z,28.106,84.352,10,4.3,ml
1996-01-25T07:15:13.930Z,28.696,87.223,33,4.4,mb
1996-01-23T17:34:41.000Z,30.483,79.413,33,4.3,mb
1996-01-19T12:26:17.220Z,28.991,86.575,33,4.1,ml
1995-12-27T04:15:01.130Z,30.232,88.265,33,4.4,mb
1995-12-25T16:56:09.440Z,31.152,89.379,33,4.2,mb
1995-12-24T19:02:07.220Z,27.527,86.265,33,4.2,mb
1995-12-11T09:49:29.890Z,28.707,88.14,33,4.1,mb
1995-11-27T21:44:02.090Z,30.693,79.232,37.5,4.6,mb
1995-11-26T20:21:29.890Z,31.999,78.534,30.4,4.2,mb
1995-11-26T04:37:44.890Z,31.106,86.724,33,4.5,ms
1995-11-25T20:49:17.380Z,31.105,86.8,33,4.7,mb
1995-10-27T11:33:23.450Z,28.734,83.52,33,4.3,mb
1995-10-21T19:39:39.830Z,31.432,78.963,33,4.9,mb
1995-10-05T17:40:16.770Z,30.163,88.233,57.8,4.8,mb
1995-10-04T14:39:53.860Z,28.253,84.328,33,4.4,mb
1995-09-30T16:36:59.410Z,30.243,86.056,33,4,mb
1995-08-08T19:09:57.430Z,30.09,81.746,33,4.2,mb
1995-08-08T16:52:48.010Z,26.223,90.202,28.1,4.4,mb
1995-08-07T00:12:21.770Z,29.862,81.536,30.1,4.1,mb
1995-08-03T03:05:44.440Z,29.968,81.538,26.5,4.7,ms
1995-07-30T07:04:02.530Z,30.266,88.229,45,4.8,mb
1995-07-28T07:57:27.340Z,30.733,86.414,69.8,4.3,mb
1995-06-28T21:46:52.200Z,31.128,86.834,33,4.5,mb
1995-04-24T11:07:55.650Z,30.002,88.181,38.8,4.1,mb
1995-04-24T04:29:01.470Z,29.889,88.253,33,4.6,mb
1995-04-18T19:47:44.900Z,30.288,88.085,33,4.2,mb
1995-04-17T17:34:34.290Z,29.694,81.448,22.6,4.7,mb
1995-04-17T01:32:45.040Z,29.691,81.52,18.8,4.8,mb
1995-04-14T07:36:12.300Z,30.049,88.07,33,4.2,mb
1995-03-29T19:11:20.520Z,28.772,84.203,33,4.7,mb
1995-03-26T12:04:15.040Z,30.964,90.614,33,4.3,mb
1995-03-24T08:12:39.960Z,28.859,87.767,33,4.5,mb
1995-03-21T10:03:25.020Z,30.68,90.249,33,4.7,mb
1995-03-16T23:25:55.970Z,29.94,87.954,16.7,4.4,mb
1995-03-16T23:03:48.000Z,30.203,88.048,33,4.2,mb
1995-03-11T01:38:08.810Z,30.089,88.285,10,4.2,mb
1995-02-04T07:10:44.480Z,31.105,81.714,33,4.2,mb
1995-02-02T10:40:31.280Z,30.045,87.841,10,4.4,mb
1995-01-30T13:56:46.970Z,28.349,82.457,80.6,4,mb
1995-01-30T03:06:56.720Z,29.286,82.217,51.8,4.1,mb
1995-01-27T17:20:05.390Z,28.977,81.475,33,4.2,mb
1995-01-19T06:33:15.330Z,28.464,83.316,10,4.3,mb
1995-01-01T19:56:13.620Z,27.773,87.587,61.1,4.9,mb
1994-12-30T10:28:26.280Z,30.348,88.26,33,4.3,mb
1994-12-12T10:41:36.700Z,29.508,80.712,33,4.5,mb
1994-12-08T13:01:32.760Z,30.439,79.686,67.9,4.9,mb
1994-09-25T00:59:01.310Z,28.159,87.254,33,4,mb
1994-08-04T05:08:20.940Z,30.332,86.843,33,4,mb
1994-08-01T02:25:14.470Z,31.721,80.129,33,4.5,mb
1994-07-31T23:53:36.580Z,31.682,80.266,35.1,4.8,mb
1994-07-23T20:57:59.060Z,31.068,86.549,15.9,5.4,mw
1994-07-17T17:40:48.300Z,29.149,81.371,29.2,5,mb
1994-06-25T08:32:42.830Z,27.603,85.891,33,4.3,mb
1994-05-25T07:38:53.710Z,27.65,87.792,47.9,4.6,mb
1994-05-10T05:29:54.130Z,29.234,83.936,33,4.4,mb
1994-04-15T14:28:48.780Z,25.927,90.488,33,4.2,mb
1994-03-29T00:25:59.280Z,30.612,79.502,33,4.1,mb
1994-01-31T08:38:46.940Z,29.552,81.79,35.2,4.7,mb
1993-12-14T02:27:44.390Z,28.489,86.844,33,4.6,mb
1993-11-22T00:27:06.820Z,28.2,82.863,33,4.4,mb
1993-11-14T13:20:37.670Z,30.658,80.356,33,4.4,mb
1993-10-20T16:15:59.680Z,28.723,82.28,37.4,5.1,mb
1993-10-20T07:23:38.640Z,28.776,82.256,33,5,mb
1993-09-16T20:42:54.620Z,31.256,83.937,33,4.4,mb
1993-09-13T03:04:53.810Z,31.033,83.676,15.8,4.7,mb
1993-09-12T08:03:36.870Z,31.239,83.599,33,4.4,mb
1993-09-05T06:05:54.630Z,27.293,87.31,33,4.5,mb
1993-08-19T03:49:27.210Z,30.085,80.037,33,4.4,mb
1993-08-16T02:09:14.700Z,30.955,78.955,33,4,mb
1993-07-17T17:55:34.410Z,31.801,81.731,33,4.5,mb
1993-07-09T16:23:17.350Z,26.81,86.059,33,4.6,mb
1993-07-06T20:07:49.880Z,31.952,82.22,33,4.8,mb
1993-07-05T22:11:09.840Z,27.939,85.118,33,4.7,mb
1993-07-05T21:52:37.210Z,27.864,84.978,33,4.2,mb
1993-07-03T02:00:22.230Z,28.357,86.63,33,4.7,mb
1993-04-12T00:57:57.980Z,28.314,82.799,33,4.7,mb
1993-03-31T13:44:10.110Z,29.091,87.349,20.1,5.1,mb
1993-03-25T20:16:55.620Z,29.625,80.551,33,4.6,mb
1993-03-20T21:26:39.450Z,28.994,87.383,21.1,5.2,mw
1993-03-20T14:51:59.770Z,29.084,87.333,12.2,6.2,mw
1993-02-16T17:21:06.130Z,30.944,90.042,33,4.5,mb
1993-02-15T08:45:50.510Z,30.851,90.388,33,4.6,mb
1993-01-18T15:35:32.060Z,31.164,89.811,33,4,mb
1993-01-18T14:49:43.730Z,30.865,90.45,33,4.5,mb
1993-01-18T13:28:06.620Z,30.817,90.439,33,4.2,mb
1993-01-18T12:42:07.870Z,30.837,90.373,33,5.9,mw
1993-01-12T08:52:43.010Z,31.169,80.309,33,4.8,mb
1993-01-02T14:53:38.310Z,29.145,81.119,14.7,4.9,mb
1992-11-28T16:11:35.430Z,31.82,82.63,33,4.7,mb
1992-11-26T12:44:34.290Z,31.764,83.797,33,4.6,mb
1992-08-09T22:34:46.450Z,28.697,86.533,37.4,4.3,mb
1992-08-09T15:16:30.650Z,30.931,78.487,33,4,mb
1992-08-08T19:50:42.630Z,29.871,90.271,33,4.3,mb
1992-08-04T22:50:03.050Z,29.893,90.362,10,4.2,mb
1992-07-30T19:06:13.370Z,29.757,90.166,33,4.3,mb
1992-07-30T17:28:53.970Z,30.001,90.362,33,4.5,mb
1992-07-30T13:36:42.070Z,29.769,90.308,33,4.4,mb
1992-07-30T09:07:39.190Z,29.899,90.272,33,4.2,mb
1992-07-30T08:24:46.650Z,29.584,90.163,14.1,6.1,mwb
1992-07-24T06:24:17.620Z,29.288,90.198,33,4.8,mb
1992-06-21T08:07:46.570Z,30.428,89.394,27.8,4.2,mb
1992-06-13T15:40:05.410Z,28.945,82.927,32.9,4.9,ms
1992-06-12T11:45:34.430Z,30.125,78.885,33,4.8,mb
1992-06-02T22:07:45.370Z,28.984,81.913,56.3,5.2,mb
1992-04-13T03:47:51.050Z,31.958,88.339,33,4.6,mb
1992-04-04T17:43:20.710Z,28.147,87.979,33,4.9,mb
1992-04-01T20:54:03.780Z,31.964,83.754,51.7,4.1,mb
1992-04-01T13:41:03.930Z,27.392,87.065,33,4.3,mb
1992-03-24T19:32:10.350Z,31.545,81.54,15.6,4.8,mb
1992-03-14T12:40:26.030Z,30.664,78.829,30.3,4.8,mb
1992-03-07T22:41:50.810Z,29.442,89.37,112.6,4.3,mb
1992-03-02T14:48:18.150Z,30.542,78.538,33,4,mb
1992-01-30T05:55:47.870Z,29.291,81.128,33,4.6,mb
1991-12-21T19:52:45.500Z,27.904,88.139,57.1,4.9,mb
1991-12-09T01:02:46.510Z,29.543,81.632,29.4,5.6,mb
1991-10-27T00:40:23.370Z,30.434,78.549,33,4.2,mb
1991-10-21T14:02:47.380Z,30.777,78.8,33,4,mb
1991-10-20T07:56:31.740Z,30.847,78.777,33,4.2,mb
1991-10-20T05:32:26.850Z,30.79,78.686,26.5,4.9,mb
1991-10-20T04:20:28.930Z,30.899,78.832,33,4.5,mb
1991-10-20T03:34:30.860Z,30.945,78.922,33,4.3,mb
1991-10-19T22:41:15.440Z,30.747,78.723,17,4.8,mb
1991-10-19T21:23:14.300Z,30.78,78.774,10.3,6.8,mwb
1991-10-15T19:11:00.950Z,30.565,79.311,33,4.5,mb
1991-08-20T05:06:25.860Z,30.63,79.767,33,4.2,mb
1991-08-16T01:23:27.540Z,30.861,78.651,33,4.2,mb
1991-06-15T17:42:12.510Z,31.175,86.582,33,4.4,mb
1991-06-10T21:30:11.950Z,29.266,80.281,58.1,4.6,mb
1991-06-01T02:49:24.700Z,28.743,81.714,33,4.3,mb
1991-05-27T21:06:57.360Z,29.349,80.304,52.6,4.6,mb
1991-05-26T05:29:14.870Z,29.34,80.332,64.9,4.5,mb
1991-05-23T18:38:09.260Z,31.411,86.755,33,4.3,ms
1991-05-20T00:20:39.920Z,30.985,86.774,33,4.6,mb
1991-05-18T06:59:22.130Z,31.675,80.092,42.6,4.5,mb
1991-05-18T04:52:19.070Z,31.654,80.092,24,4.6,mb
1991-04-22T08:48:29.990Z,30.08,79.72,33,4.6,mb
1991-03-23T05:47:02.560Z,31.622,90.636,33,4.1,mb
1991-03-15T04:28:16.300Z,28.317,87.683,42.6,4.6,mb
1991-02-12T14:02:56.300Z,30.614,79.288,33,4.1,mb
1990-12-20T17:04:44.080Z,28.138,82.944,66.8,4.8,mb
1990-12-18T02:40:49.760Z,30.336,79.117,18.7,4.9,mb
1990-11-09T19:13:39.680Z,30.921,86.327,10,4.9,mb
1990-11-09T19:09:23.470Z,30.733,86.289,10,4.9,mb
1990-11-09T16:50:42.700Z,30.632,86.233,10,4.7,mb
1990-10-28T17:14:50.910Z,30.682,81.555,33,4.5,mb
1990-10-14T16:13:24.020Z,28.762,81.951,143.2,4.3,mb
1990-10-14T09:52:41.010Z,30.823,86.385,12,4.9,mb
1990-10-03T18:20:35.990Z,31.096,78.557,33,4.4,mb
1990-09-30T19:29:53.500Z,31.21,90.242,33,4,mb
1990-09-21T16:08:20.750Z,29.741,79.791,33,5.1,mb
1990-09-15T06:11:13.790Z,30.448,85.46,33,4.3,mb
1990-05-20T18:01:57.390Z,28.26,83.193,62.1,4.5,mb
1990-05-20T09:10:02.320Z,28.458,83.343,33,4.8,mb
1990-05-13T15:34:50.910Z,31.806,87.896,33,4.3,mb
1990-05-06T10:30:08.190Z,29.88,90.073,33,4.5,mb
1990-03-01T18:47:26.790Z,28.503,88.599,33,4.3,mb
1990-02-27T10:04:33.040Z,31.357,86.87,33,4.1,mb
1990-02-23T14:25:18.390Z,29.321,90.114,10,4.3,mb
1990-02-22T13:33:13.380Z,29.216,90.092,26,5,mb
1990-02-21T07:21:17.300Z,28.082,82.43,33,4.8,mb
1990-02-18T18:12:47.270Z,29.078,90.031,10,4.5,mb
1990-02-09T15:51:23.020Z,29.925,80.73,33,4.6,mb
1990-01-30T15:06:26.080Z,28.599,85.714,52.4,4.5,mb
1990-01-10T23:01:21.960Z,26.559,86.663,68.5,4.7,mb
1990-01-09T02:29:26.690Z,28.225,88.163,79.1,5.5,mb
1989-10-10T04:11:00.630Z,28.653,87.481,75.7,4.6,mb
1989-07-14T10:57:08.840Z,31.184,84.685,33,4.3,mb
1989-06-11T13:42:44.140Z,26.419,90.763,33,4.6,mb
1989-05-22T19:24:34.980Z,27.243,87.886,33.8,5,mb
1989-04-19T16:40:28.380Z,30.133,90.046,33,4.5,mb
1989-04-09T02:31:36.170Z,29.177,90.077,10,5.2,mw
1989-03-08T07:21:26.040Z,28.001,84.028,33,4.5,mb
1989-03-01T22:52:49.570Z,28.191,83.954,33,4.2,mb
1989-02-04T07:15:55.950Z,30.178,90.122,10,4.2,mb
1989-02-03T22:10:01.650Z,30.263,90.003,10,4.2,mb
1989-02-03T17:49:58.630Z,30.231,89.958,10,5.4,mw
1988-12-27T02:56:03.850Z,27.887,87.773,64.6,4.6,mb
1988-12-15T23:14:24.520Z,29.118,81.636,112,4.5,mb
1988-12-13T06:29:15.890Z,27.139,87.808,33,4,mb
1988-12-07T09:06:40.250Z,31.694,83.504,33,4.8,mb
1988-12-02T16:59:13.310Z,29.554,81.164,33,4.5,mb
1988-11-14T09:03:11.420Z,30.161,82.137,101.2,4.5,mb
1988-10-29T09:10:52.550Z,27.871,85.648,17.6,5.2,mw
1988-10-24T16:07:21.710Z,31.684,85.214,33,4.3,mb
1988-09-27T19:10:10.700Z,27.175,88.293,33,5,ms
1988-09-21T13:51:14.770Z,28.715,85.568,53.8,4.7,mb
1988-09-02T06:35:33.130Z,26.616,86.518,33,4.4,mb
1988-09-01T22:04:11.240Z,26.766,86.564,33,4.6,mb
1988-08-24T09:55:33.620Z,26.746,86.549,33,4.7,mb
1988-08-22T11:34:33.340Z,26.662,86.916,33,4.3,mb
1988-08-20T23:09:09.560Z,26.755,86.616,57.4,6.9,mw
1988-07-27T07:07:42.910Z,31.605,78.627,33,4.4,mb
1988-06-12T10:15:47.430Z,28.477,82.354,33,4.8,mb
1988-06-09T12:11:49.840Z,30.654,79.216,25.2,4.8,mb
1988-05-26T16:30:05.770Z,27.415,88.558,43.4,4.7,mb
1988-05-15T20:23:05.700Z,29.862,80.479,25.7,4.8,mb
1988-04-25T16:04:02.760Z,26.817,86.625,66.8,4.8,mb
1988-04-20T06:40:25.910Z,27.042,86.694,54.8,5.4,mb
1988-04-11T12:11:31.030Z,27.516,85.86,38.5,4.9,mb
1988-04-09T12:57:55.860Z,29.779,86.909,33,4.5,mb
1988-03-19T11:24:26.220Z,29.147,81.62,89.6,4.3,mb
1988-03-13T11:13:49.550Z,28.903,81.359,90.3,4.3,mb
1988-02-12T01:41:15.160Z,30.515,82.887,33,4.6,mb
1988-01-23T15:37:29.390Z,29.476,81.612,33,4.7,mb
1988-01-10T06:31:42.210Z,29.868,90.482,10,4.8,mb
1988-01-10T06:18:33.850Z,29.714,90.39,33,4.4,mb
1987-12-12T05:48:58.140Z,29.783,90.365,33,4.8,mb
1987-12-11T06:39:39.960Z,26.025,90.94,54.6,4.6,mb
1987-11-25T19:20:39.840Z,27.95,85.879,33,4.6,mb
1987-11-01T14:37:44.280Z,29.688,90.003,33,4.3,mb
1987-10-06T22:18:17.500Z,29.856,90.484,10,5,mb
1987-09-29T21:12:28.800Z,29.819,90.435,33,4.5,mb
1987-09-29T17:30:28.450Z,29.853,90.437,33,4.7,mb
1987-09-26T01:03:03.060Z,29.824,90.452,33,4.4,mb
1987-09-25T23:16:30.700Z,29.866,90.44,33,5,mw
1987-08-21T00:26:07.040Z,31.723,80.183,54.8,4.7,mb
1987-08-09T21:15:00.010Z,29.502,83.714,47.5,5.6,mw
1987-07-23T21:01:45.010Z,29.909,80.879,33,4,mb
1987-06-22T23:06:51.770Z,28.61,87.223,33,4.1,mb
1987-06-06T11:02:41.590Z,30.47,79.202,44.4,4.9,mb
1987-06-06T03:14:24.490Z,30.555,79.267,33,4.7,mb
1987-05-10T05:10:40.050Z,28.22,86.739,33,4.6,mb
1987-04-23T09:05:56.920Z,27.991,87.102,47.6,4.7,mb
1987-02-24T22:17:07.520Z,29.052,81.854,111.5,4.4,mb
1987-01-19T08:12:05.810Z,28.243,83.572,33,4.9,mb
1987-01-19T07:46:24.490Z,28.385,83.682,33,5.2,mb
1986-09-16T16:01:37.210Z,30.993,86.607,33,4.5,mb
1986-09-16T13:29:04.860Z,31.172,86.673,33,4.4,mb
1986-09-09T16:40:13.200Z,31.587,85.04,33,4.8,mb
1986-09-09T16:24:26.630Z,31.546,85.067,33,5.2,mb
1986-09-09T16:22:51.950Z,31.621,85.026,33,4.8,mb
1986-09-05T08:34:25.660Z,29.147,85.142,33,4.1,mb
1986-07-19T20:12:55.230Z,31.26,86.91,33,5.1,mw
1986-06-29T11:22:35.600Z,31.255,86.75,33,4.5,mb
1986-06-25T00:28:22.010Z,31.146,86.778,33,4.7,mb
1986-06-23T17:19:29.650Z,31.23,87.014,33,4.8,mb
1986-06-20T17:12:46.940Z,31.24,86.847,33,6.1,mw
1986-04-29T15:23:10.680Z,31.4,88.331,33,4.6,mb
1986-04-12T12:44:00.760Z,28.781,86.48,33,4.4,mb
1986-04-04T07:58:37.370Z,30.858,88.256,33,4.5,mb
1986-03-28T18:05:46.770Z,30.801,79.166,33,4.2,mb
1986-02-28T20:51:21.670Z,29.108,81.909,63.1,4.6,mb
1986-01-25T21:30:17.360Z,31.575,85.139,33,4.7,mb
1986-01-10T03:46:29.910Z,28.648,86.527,54.6,5.2,mw
1986-01-07T20:20:01.680Z,26.93,88.325,69.6,5,mb
1986-01-06T09:50:42.290Z,27.8,85.392,33.6,4.5,mb
1985-12-23T13:49:44.990Z,27.61,85.722,45.3,4.6,mb
1985-12-15T11:45:32.140Z,30.831,86.394,33,4.5,mb
1985-12-08T14:24:32.200Z,30.893,86.535,33,4.9,mb
1985-12-08T13:36:34.190Z,30.751,86.621,33,4.9,mb
1985-12-08T13:35:00.730Z,30.922,86.598,37.4,4.8,mb
1985-10-30T20:18:52.470Z,31.593,82.948,33,4.6,mb
1985-10-21T08:57:09.130Z,28.845,83.974,33,4.5,mb
1985-10-03T20:23:23.140Z,29.219,83.895,14.3,4.1,mb
1985-10-02T16:33:50.770Z,27.082,89.745,45.9,4.4,mb
1985-09-13T05:33:08.110Z,29.824,84.052,33,4.5,mb
1985-07-28T14:45:38.690Z,30.364,88.804,33,4.5,mb
1985-07-12T05:45:09.800Z,31.367,82.234,33,4.4,mb
1985-07-12T04:51:15.320Z,31.679,82.37,33,4.7,mb
1985-06-21T15:13:38.580Z,31.921,85.085,33,4.3,mb
1985-06-17T04:24:05.140Z,31.644,82.305,33,4.6,mb
1985-05-06T20:59:46.320Z,28.328,82.305,46.6,4.5,mb
1985-02-16T11:16:29.170Z,30.618,85.586,33,4.3,mb
1985-02-15T04:54:44.080Z,30.129,81.609,33,4.4,mb
1985-01-30T22:02:12.500Z,31.029,85.582,33,4.7,mb
1984-12-18T22:46:57.500Z,29.425,80.862,33,4.7,mb
1984-12-05T14:14:15.710Z,27.202,81.728,33,4.7,mb
1984-11-28T00:29:31.840Z,31.759,89.042,33,4.5,mb
1984-11-26T03:35:37.730Z,30.489,79.252,33,4.5,mb
1984-11-23T06:14:18.370Z,29.386,81.571,33,4.4,mb
1984-11-18T22:04:32.070Z,28.799,84.073,33,5.3,mb
1984-10-24T08:19:31.300Z,29.704,80.053,56.3,4.2,mb
1984-10-02T22:13:33.550Z,30.982,88.761,33,4.4,mb
1984-09-15T10:15:22.380Z,29.212,81.525,33,4.6,mb
1984-07-29T16:37:08.130Z,29.411,81.799,43.8,4.5,mb
1984-07-21T20:02:43.130Z,28.689,82.158,63.7,4.3,mb
1984-05-30T22:27:26.040Z,28.828,83.936,33,4.5,mb
1984-05-19T06:36:24.780Z,29.294,81.884,45.4,4.7,mb
1984-05-18T04:28:57.140Z,29.577,81.869,33,5.6,mb
1984-04-22T20:22:37.100Z,30.648,84.158,33,4.8,mb
1984-04-15T04:56:44.820Z,31.667,82.272,33,5,mb
1984-03-23T00:34:08.720Z,29.99,78.871,33,5.1,mb
1984-03-14T01:32:13.960Z,29.105,81.119,39.7,4.9,mb
1984-02-19T15:46:25.770Z,29.867,80.546,21.4,5,mb
1984-01-25T23:49:47.470Z,27.486,86.089,33,4.6,mb
1984-01-14T06:02:27.230Z,31.747,88.051,33,4.3,mb
1984-01-08T01:53:13.190Z,31.991,79.499,33,4.2,mb
1984-01-06T23:48:08.290Z,27.777,84.74,33,4.5,mb
1983-11-23T05:05:52.370Z,30.354,83.105,33,4.6,mb
1983-08-23T22:43:12.220Z,27.965,84.963,60.9,4.3,mb
1983-08-16T13:34:40.000Z,31.445,90.981,47.8,4.1,mb
1983-07-05T17:26:49.270Z,29.492,80.692,33,4.6,mb
1983-01-27T04:45:40.250Z,29.056,81.394,33,4.8,mb
1983-01-06T20:29:20.320Z,31.309,82.132,33,4.7,mb
1982-12-29T00:09:20.200Z,30.273,79.809,33,4.8,mb
1982-12-21T13:13:46.210Z,29.296,81.374,32.1,4.3,mb
1982-12-21T12:08:46.680Z,29.198,81.378,33,4.7,mb
1982-12-14T23:57:32.750Z,31.459,78.91,33,4.6,mb
1982-11-22T13:57:04.290Z,27.759,84.918,64.3,4.2,mb
1982-10-16T02:22:56.780Z,30.326,79.129,71.2,4.5,mb
1982-09-09T12:05:30.960Z,28.639,81.109,33,4.4,mb
1982-08-18T18:01:08.360Z,27.083,89.494,57.6,4.6,mb
1982-08-03T08:03:31.060Z,27.895,85.465,33,4.6,mb
1982-06-20T15:29:21.130Z,26.497,90.206,33,4.5,mb
1982-06-10T21:27:45.920Z,31.547,82.119,33,4.9,mb
1982-04-05T02:19:44.590Z,27.419,88.864,33,5.1,mb
1982-03-24T23:17:50.780Z,30.569,88.735,33,4.6,mb
1982-02-04T06:06:49.750Z,31.387,82.193,33,4.6,mb
1982-01-25T17:26:17.470Z,31.649,82.309,33,5.1,mb
1982-01-24T17:27:49.070Z,31.598,82.354,33,4.5,mb
1982-01-24T10:46:15.130Z,31.467,82.384,33,4.4,mb
1982-01-24T10:03:35.110Z,31.65,82.175,33,4.6,mb
1982-01-24T03:46:06.950Z,31.589,82.438,33,4.5,mb
1982-01-24T03:31:54.120Z,31.536,82.389,33,4.6,mb
1982-01-23T20:43:21.320Z,31.774,82.356,33,4.4,mb
1982-01-23T19:52:08.430Z,31.539,82.34,33,5,mb
1982-01-23T19:17:08.380Z,31.631,82.444,33,4.7,mb
1982-01-23T18:58:35.950Z,31.662,82.6,33,4.2,mb
1982-01-23T18:19:46.370Z,31.557,82.29,44.6,5,mb
1982-01-23T17:48:02.140Z,31.582,82.205,33,6,ms
1982-01-23T17:37:30.260Z,31.696,82.246,33,6.5,ms
1982-01-22T04:30:00.250Z,30.829,89.822,33,5.3,ms
1981-11-21T04:25:05.170Z,29.525,89.109,47.9,4.7,mb
1981-10-19T10:46:18.310Z,31.814,88.424,33,4.5,mb
1981-09-10T03:47:07.320Z,29.32,81.122,33,4.6,mb
1981-06-19T10:41:44.460Z,30.541,79.217,63.6,4.4,mb
1981-05-15T17:22:43.650Z,29.504,81.942,33,5.1,mb
1981-04-09T17:19:31.370Z,28.006,84.409,33,4.5,mb
1981-03-06T05:58:49.990Z,29.806,80.659,42.5,4.9,mb
1981-02-09T15:49:22.910Z,27.038,89.752,33,5.1,mb
1980-12-22T04:36:09.000Z,26.335,89.312,33,4.5,mb
1980-11-25T09:27:05.700Z,27.788,85.388,33,4,mb
1980-11-20T14:03:28.800Z,29.593,85.222,33,4.8,mb
1980-11-19T19:00:46.900Z,27.394,88.752,17,6.1,ms
1980-11-18T13:46:22.000Z,29.558,85.173,33,4.7,mb
1980-10-10T14:02:26.700Z,29.17,81.208,33,5,mb
1980-10-08T16:19:57.600Z,31.354,87.666,33,5,mb
1980-09-08T07:42:07.300Z,29.999,80.434,33,4.5,mb
1980-08-20T01:05:51.300Z,29.517,81.189,33,4.3,mb
1980-08-04T16:52:40.400Z,29.411,80.771,33,4.5,mb
1980-07-31T14:22:01.500Z,29.43,80.851,33,4.5,mb
1980-07-30T05:30:48.200Z,29.438,80.825,33,4.5,mb
1980-07-30T01:00:42.700Z,29.596,80.743,33,4.8,mb
1980-07-29T21:57:36.200Z,29.118,81.006,33,4.6,mb
1980-07-29T18:44:24.000Z,29.447,80.712,33,4.4,mb
1980-07-29T14:58:40.800Z,29.598,81.092,18,6.5,ms
1980-07-29T12:23:12.300Z,29.331,81.258,34,5.7,mb
1980-06-25T21:32:49.500Z,30.701,88.794,33,4.3,mb
1980-06-22T14:38:53.700Z,30.1,81.768,33,5.1,mb
1980-06-10T07:48:37.500Z,30.559,88.604,33,4.6,mb
1980-06-03T20:32:10.100Z,30.659,88.6,33,5.1,ms
1980-03-04T07:16:47.600Z,30.513,88.683,33,4.7,mb
1980-02-28T11:36:42.000Z,30.567,88.983,33,4.6,mb
1980-02-23T09:05:59.500Z,30.565,88.776,33,4.3,mb
1980-02-22T11:58:42.000Z,30.506,88.795,33,4.8,mb
1980-02-22T11:07:23.600Z,30.543,88.743,33,4.6,mb
1980-02-22T07:05:43.700Z,30.63,88.771,33,4.7,mb
1980-02-22T04:16:50.400Z,30.644,88.754,33,4.7,mb
1980-02-22T03:20:55.800Z,30.505,88.626,33,4.8,mb
1980-02-22T03:02:47.200Z,30.506,88.583,33,6.2,ms
1979-12-28T01:59:18.800Z,30.628,78.445,33,5,mb
1979-11-16T19:17:27.700Z,27.243,88.159,33,4.6,mb
1979-07-03T16:56:53.700Z,27.972,84.476,33,4.2,mb
1979-06-19T16:29:11.600Z,26.741,87.506,24,5.1,mb
1979-05-20T22:59:14.200Z,30.029,80.31,33,5.9,ms
1979-05-05T11:22:48.900Z,27.246,85.54,33,4.3,mb
1979-04-11T16:08:12.900Z,25.978,88.823,33,4.8,mb
1979-03-05T23:54:52.500Z,30.476,79.727,33,4.3,mb
1978-12-25T20:00:02.700Z,28.115,83.912,33,4.5,mb
1978-12-12T10:00:52.500Z,29.046,81.232,56,4.3,mb
1978-10-23T14:36:51.400Z,28.817,86.812,33,4.4,mb
1978-10-04T13:53:52.000Z,27.834,85.963,33,5.2,mb
1978-08-15T12:00:24.100Z,31.285,84.608,33,4.8,mb
1978-08-13T22:28:04.600Z,28.042,85.211,33,4.4,mb
1978-03-07T10:21:59.100Z,29.279,81.052,33,4.2,mb
1978-02-19T04:52:27.800Z,29.298,84.994,16,4.7,mb
1978-02-10T17:29:52.000Z,28.072,84.644,33,5.2,mb
1978-01-07T07:23:20.500Z,30.565,79.38,33,4.7,mb
1977-11-04T23:54:44.700Z,29.597,81.279,15,4.9,mb
1977-09-20T05:51:36.000Z,29.518,81.096,23,5,mb
1977-06-05T19:21:40.500Z,26.224,88.317,33,4.8,mb
1977-04-20T04:21:09.400Z,30.519,79.352,33,4.8,mb
1977-04-14T18:26:48.800Z,32.023,78.547,33,4.3,mb
1977-03-16T12:56:52.000Z,31.261,89.411,33,4.8,mb
1977-03-15T01:01:39.900Z,31.352,89.336,33,4.7,mb
1977-01-06T21:50:08.100Z,31.048,88.052,33,5.2,mb
1976-10-23T16:09:19.800Z,28.676,86.228,63,5.1,mb
1976-10-03T15:03:43.200Z,31.909,78.76,16,4.7,mb
1976-09-29T02:51:27.000Z,29.817,81.39,33,5,mb
1976-09-14T06:43:52.300Z,29.795,89.559,82,5.5,mb
1976-09-12T15:36:11.800Z,27.672,85.752,33,4.8,mb
1976-07-23T01:56:06.700Z,31.662,83.934,29,4.8,mb
1976-05-10T18:43:53.500Z,29.284,81.46,33,5.2,mb
1976-05-06T08:21:35.400Z,31.787,78.669,51,4.5,mb
1975-11-26T15:02:32.900Z,28.343,87.636,33,5.1,mb
1975-10-24T17:44:15.300Z,26.848,86.293,33,4.2,mb
1975-09-27T19:46:39.400Z,30.413,85.64,33,4.3,mb
1975-09-19T17:59:33.000Z,31.973,78.476,33,5.1,mb
1975-09-08T22:06:18.700Z,31.534,84.874,22,4.9,mb
1975-09-06T04:44:35.700Z,29.283,82.161,33,5.1,mb
1975-08-23T03:08:56.300Z,30.614,79.453,33,4,mb
1975-07-19T06:10:54.900Z,31.92,78.605,40,5.3,mb
1975-06-24T15:38:27.800Z,27.473,87.294,33,5.2,mb
1975-05-11T06:48:38.500Z,31.963,78.581,26,4.8,mb
1975-04-24T01:35:51.300Z,27.238,86.902,33,5.1,mb
1975-04-09T21:45:40.700Z,31.586,78.512,33,4.5,mb
1975-04-09T03:28:28.600Z,30.41,84.889,33,4.9,mb
1975-04-01T16:18:44.000Z,31.877,78.47,33,4.7,mb
1975-02-06T06:39:44.600Z,27.891,87.826,33,4.7,mb
1975-01-31T12:38:52.400Z,28.1,84.729,33,5.4,mb
1975-01-29T15:49:25.900Z,31.879,78.485,33,4.9,mb
1975-01-23T01:37:42.900Z,27.314,88.255,33,4.8,mb
1975-01-22T17:26:38.100Z,31.899,78.507,51,4.7,mb
1975-01-19T08:12:08.100Z,31.95,78.521,33,6,mb
1974-12-23T09:45:42.800Z,29.412,81.393,45,5.2,mb
1974-11-10T06:55:50.900Z,31.501,86.359,33,4.5,mb
1974-10-31T04:26:23.500Z,31.24,85.33,33,4.6,mb
1974-09-27T05:26:39.400Z,28.596,85.496,70,5.6,mb
1974-07-07T20:56:49.700Z,30.638,78.692,33,4.9,mb
1974-05-06T01:07:00.600Z,29.325,81.652,33,4.5,mb
1974-03-24T16:17:39.600Z,27.594,86.021,33,4.8,mb
1974-03-24T14:16:03.100Z,27.727,86.11,33,5.7,ms
1974-03-13T06:47:52.000Z,29.251,81.569,65,4.5,mb
1974-03-03T04:53:15.600Z,30.825,86.292,33,5.3,mb
1973-10-16T09:50:43.300Z,28.219,82.945,33,5.2,mb
1973-08-01T14:05:16.200Z,29.604,89.088,71,4.9,mb
1973-04-04T17:53:08.200Z,30.485,83.68,48,4.8,mb
1973-03-22T01:06:57.200Z,28.135,86.993,33,5.2,mb
1973-01-02T22:25:57.000Z,31.241,88.088,33,5.2,mb
